created_at;text;sentiment;sentiment_polarity;source;context_annotations;geo;name;username;location;verified
2022-06-30 23:59:59+00:00;Marquei como visto Hannibal - 3x11 - ...And the Beast from the Sea https://t.co/wEMgOYqwWU #bancodeseries;Sentiment(polarity=0.0, subjectivity=0.0);0.0;Banco de SÃ©ries;[{'domain': {'id': '3', 'name': 'TV Shows', 'description': 'Television shows from around the world'}, 'entity': {'id': '10027337234', 'name': 'Hannibal'}}];;mar;aquattofana;sp;False
2022-06-30 23:59:59+00:00;Ãºltima atualizaÃ§Ã£o de visitantes do meu perfil https://t.co/l4csmKjadL;Sentiment(polarity=0.0, subjectivity=0.0);0.0;Twitcom - Comunidades ;[];;tamises  maier;tamih_maier01;Brasilia;False
2022-06-30 23:59:59+00:00;"RT @azuna_riko: å¤ã¯çš†ã•ã‚“ã¨ä¼šãˆã‚‹æ©Ÿä¼šãŒå¢—ãˆã‚‹ã®ã§å¬‰ã—ã„ã§ã™ï¼æœ€æ–°æ›²ã‚‚ãŠæŠ«éœ²ç›®ã—ã¾ã™ï¼

ã¾ã¨ã‚ã‚‹ã¨â€¦
â– 7æœˆ
4æ—¥ åŸå®¿RUIDO
9æ—¥ ãƒ¯ãƒ³ãƒãƒ³ã€Œ#ã‚¢ãƒ…ãƒŠãƒªã‚³ãƒ¼ãƒ’ãƒ¼ã€
20æ—¥ Yokohama mint hall
24æ—¥ã€Œ#ãƒ¯ãƒ³ãƒ•ã‚§ã‚¹ã€
â– 8æœˆ
5æ—¥ åŸå®¿Râ€¦";Sentiment(polarity=0.0, subjectivity=0.0);0.0;Twitter for Android;[{'domain': {'id': '156', 'name': 'Cities', 'description': 'Cities around the world'}, 'entity': {'id': '1009174794506399744', 'name': 'Yokohama', 'description': 'Yokohama'}}];;ã·ã‚ˆã“ã—@3/6ğŸ§…ğŸ¾;Reopuyo_space;åƒè‘‰çœŒã€Somedayã€‚;False
2022-06-30 23:59:59+00:00;"RT @yurucamp_anime: ï¼
ğŸ“£æœ€çµ‚è©±æ”¾é€ã¾ã§ã‚ã¨3âƒ£0âƒ£åˆ†
ï¼¼

ã€ã‚†ã‚‹ã‚­ãƒ£ãƒ³â–³ SEASONï¼’ã€
ç¬¬1âƒ£3âƒ£è©±ã€ŒãŸã ã„ã¾ã€
23:30ï½ã€€ğŸ“ºTOKYO MXãƒ»BS11

æœ€å¾Œã®æœ€å¾Œã¾ã§ã€SEASONï¼’ã€ã‚’ãŠæ¥½ã—ã¿ãã ã•ã„âœ¨
ãã—ã¦æ˜æ—¥ã‹ã‚‰ã®æ˜ ç”»ã‚‚æ˜¯éğŸ¶
httâ€¦";Sentiment(polarity=0.0, subjectivity=0.0);0.0;Twitter for iPhone;"[{'domain': {'id': '3', 'name': 'TV Shows', 'description': 'Television shows from around the world'}, 'entity': {'id': '10052312868', 'name': 'ã‚†ã‚‹ã‚­ãƒ£ãƒ³â–³'}}, {'domain': {'id': '130', 'name': 'Multimedia Franchise', 'description': ""Franchises which span multiple forms of media like 'Harry Potter'""}, 'entity': {'id': '1296310920889606144', 'name': 'Laid-Back Camp'}}, {'domain': {'id': '131', 'name': 'Unified Twitter Taxonomy', 'description': 'A taxonomy view into the Semantic Core knowledge graph'}, 'entity': {'id': '1296310920889606144', 'name': 'Laid-Back Camp'}}]";;ãƒ€ã‚¤;Dice0601A;;False
2022-06-30 23:59:59+00:00;seu perfil foi visto por 2 pessoas na Ãºltima hora https://t.co/ugDMlplwpm;Sentiment(polarity=0.0, subjectivity=0.0);0.0;Twitcom - Comunidades ;[];;Irys Raphaella...;irysraphaella;Brasil;False
2022-06-30 23:59:59+00:00;Marineros aseguran que sus barcos fueron asechados por OVNIS. https://t.co/F15b8Lnm57;Sentiment(polarity=0.0, subjectivity=0.0);0.0;Twitter for iPhone;[];;Noticias FAV;NoticiasFAV;;False
2022-06-30 23:59:59+00:00;"RT @koihahikarimv: âœ¨âœ¨âœ¨æœ¬æ—¥ã¯7æœˆ1æ—¥âœ¨âœ¨âœ¨
ãƒ•ã‚¡ãƒ¼ã‚¹ãƒˆãƒ‡ãƒ¼ã§ã™â£ï¸

#æ‹ã¯å…‰ ãŒæ°—ã«ãªã£ã¦ã„ã‚‹çš†ã•ã‚“
ãœã²æ¶¼ã—ã„åŠ‡å ´ã§ãŠæ¥½ã—ã¿ãã ã•ã„â€¼ï¸

ãã—ã¦çš†ã•ã‚“ã®ç†±ã„å£°ğŸ”¥æ›´æ–°ã—ã¾ã—ãŸâœ¨
https://t.co/u2ylV6yijU

åŠ‡å ´æƒ…å ±ã¯ã“ã¡ã‚‰ğŸ‘‡
htâ€¦";Sentiment(polarity=0.0, subjectivity=0.0);0.0;Twitter for Android;[];;ã‚„ã£ã±ã‚Šãƒ©ã‚¸ã‚ªãŒã™ã@æ˜ ç”»é¤¨ã‚‚ã™ã;koji0314nsr250r;å¤§é˜ª;False
2022-06-30 23:59:59+00:00;status de visita: perfil visualizado 6 vezes https://t.co/p0fVCITtMK;Sentiment(polarity=0.0, subjectivity=0.0);0.0;Twitcom - Comunidades ;[];;Keiner Romero;Keinerrsv;Venezuela;False
2022-06-30 23:59:58+00:00;"RT @DG_creature: [â¤ï¸â€ğŸ”¥#rt] 

ë¬´ì†ì„±20 ë²¨ë ˆë“œ ìˆ˜ìš”ì¡°ì‚¬ í¼ì…ë‹ˆë‹¤. ì œì‘ì´ í™•ì •ë  ê²½ìš° rt ì¶”ì²¨ í•œë¶„ê»˜ ë²¨ë ˆë“œë¥¼ ë³´ë‚´ë“œë¦½ë‹ˆë‹¤! 

ã€í¼ ì˜¤í”ˆê¸°í•œ 6ì›” 30ì¼ 00ì‹œ~8ì›” 30ì¼ 00ì‹œê¹Œì§€ã€‘

ê½ƒí† ë¼í„¸ ì›ë‹¨ â€¢ ê·¸ë¼ë°ì´ì…˜Ã—
23â€¦";Sentiment(polarity=-0.9375, subjectivity=1.0);-0.9375;Twitter for Android;[];;Mã…”ë¦¬ì¡°...ì‚¬ì¶•ğ“ƒ¦;dodaechega18;ğŸ’™íšŒì‹  ì—†ìœ¼ë©´ ê·¼ë¬´ì¤‘orìˆ˜ë©´ì¤‘ğŸ’™;False
2022-06-30 23:59:58+00:00;seu perfil foi visto por 3 pessoas nas Ãºltimas 2 horas https://t.co/NqeJUHtTqY;Sentiment(polarity=0.0, subjectivity=0.0);0.0;Twitcom - Comunidades ;[];;Mica;Miica_Molina;Sonreir solo y por placer.;False
2022-06-30 23:59:58+00:00;"If you haven't check out my latest videos, you need to!
https://t.co/tFdi0gdYvy
https://t.co/2GeWpHCKuh
https://t.co/z68lV30iRc https://t.co/nrnYBBcVUr";Sentiment(polarity=0.625, subjectivity=0.9);0.625;Twitter Web App;[];;Fatty Vallery;fatfunhouseval;California, USA;False
2022-06-30 23:59:58+00:00;"ãƒ•ã‚£ã‚®ãƒ¥ã‚¢ äºˆç´„æƒ…å ±ï¼

â– é§¿æ²³å±‹ã§ã€[ç‰¹å…¸ä»˜ã] TAPIGAL ãƒŸãƒ«ã‚¯ãƒ»T 1/12 å®Œæˆå“ã‚¢ã‚¯ã‚·ãƒ§ãƒ³ãƒ•ã‚£ã‚®ãƒ¥ã‚¢ï¼†çµ„ã¿ç«‹ã¦ã‚­ãƒƒãƒˆã€ã®äºˆç´„å—ä»˜ä¸­ã§ã™ï¼

ä¾¡æ ¼ã¯ã€ï¿¥7,400ã€ï¼ï¼ˆå®šä¾¡ï¼šï¿¥8,250ï¼‰

ğŸ”½é§¿æ²³å±‹
https://t.co/k8jCCVtHyr

09:00 https://t.co/zfRcKG4BHP";Sentiment(polarity=0.0, subjectivity=0.0);0.0;Twitter;[{'domain': {'id': '66', 'name': 'Interests and Hobbies Category', 'description': 'A grouping of interests and hobbies entities, like Novelty Food or Destinations'}, 'entity': {'id': '1206704182717104128', 'name': 'Model figures'}}, {'domain': {'id': '131', 'name': 'Unified Twitter Taxonomy', 'description': 'A taxonomy view into the Semantic Core knowledge graph'}, 'entity': {'id': '850419241790472192', 'name': 'Milk', 'description': 'Milk'}}, {'domain': {'id': '131', 'name': 'Unified Twitter Taxonomy', 'description': 'A taxonomy view into the Semantic Core knowledge graph'}, 'entity': {'id': '1206704182717104128', 'name': 'Model figures'}}, {'domain': {'id': '131', 'name': 'Unified Twitter Taxonomy', 'description': 'A taxonomy view into the Semantic Core knowledge graph'}, 'entity': {'id': '1278061468265508864', 'name': 'Collectibles'}}, {'domain': {'id': '152', 'name': 'Food', 'description': 'Topics about food, like Donuts or Brunch'}, 'entity': {'id': '850419241790472192', 'name': 'Milk', 'description': 'Milk'}}, {'domain': {'id': '173', 'name': 'Google Product Taxonomy', 'description': 'A product taxonomy created by Google'}, 'entity': {'id': '850419241790472192', 'name': 'Milk', 'description': 'Milk'}}];;ãƒ•ã‚£ã‚®ãƒ¥ã‚¢å…¥è·é€Ÿå ±;figure_tokyo;;False
2022-06-30 23:59:58+00:00;Complete PUBG MOBILE Return Missions! Collect a permanent epic outfit for free! My invitation code: 2Q72XP9 https://t.co/vImI81ISHO;Sentiment(polarity=0.24166666666666667, subjectivity=0.5333333333333333);0.24166666666666667;Twitter Web App;"[{'domain': {'id': '30', 'name': 'Entities [Entity Service]', 'description': 'Entity Service top level domain, every item that is in Entity Service should be in this domain'}, 'entity': {'id': '847527946864607232', 'name': 'Mobile gaming', 'description': 'Mobile gaming'}}, {'domain': {'id': '71', 'name': 'Video Game', 'description': 'A video game like Overwatch'}, 'entity': {'id': '961618132874883072', 'name': ""PlayerUnknown's Battlegrounds"", 'description': 'This entity includes all conversation about the franchise, as well as any individual installments in the series, if applicable.\t\t\t'}}, {'domain': {'id': '131', 'name': 'Unified Twitter Taxonomy', 'description': 'A taxonomy view into the Semantic Core knowledge graph'}, 'entity': {'id': '847527650667094017', 'name': 'Gaming', 'description': 'Gaming'}}, {'domain': {'id': '131', 'name': 'Unified Twitter Taxonomy', 'description': 'A taxonomy view into the Semantic Core knowledge graph'}, 'entity': {'id': '961618132874883072', 'name': ""PlayerUnknown's Battlegrounds"", 'description': 'This entity includes all conversation about the franchise, as well as any individual installments in the series, if applicable.\t\t\t'}}, {'domain': {'id': '131', 'name': 'Unified Twitter Taxonomy', 'description': 'A taxonomy view into the Semantic Core knowledge graph'}, 'entity': {'id': '1070028159964262400', 'name': 'Video games'}}, {'domain': {'id': '30', 'name': 'Entities [Entity Service]', 'description': 'Entity Service top level domain, every item that is in Entity Service should be in this domain'}, 'entity': {'id': '847527946864607232', 'name': 'Mobile gaming', 'description': 'Mobile gaming'}}, {'domain': {'id': '79', 'name': 'Video Game Hardware', 'description': 'Video Game Hardware'}, 'entity': {'id': '847527946864607232', 'name': 'Mobile gaming', 'description': 'Mobile gaming'}}, {'domain': {'id': '131', 'name': 'Unified Twitter Taxonomy', 'description': 'A taxonomy view into the Semantic Core knowledge graph'}, 'entity': {'id': '847527650667094017', 'name': 'Gaming', 'description': 'Gaming'}}, {'domain': {'id': '131', 'name': 'Unified Twitter Taxonomy', 'description': 'A taxonomy view into the Semantic Core knowledge graph'}, 'entity': {'id': '847527946864607232', 'name': 'Mobile gaming', 'description': 'Mobile gaming'}}, {'domain': {'id': '131', 'name': 'Unified Twitter Taxonomy', 'description': 'A taxonomy view into the Semantic Core knowledge graph'}, 'entity': {'id': '1070028376662888448', 'name': 'Console gaming', 'description': 'Video Game Hardware'}}]";;Ahmed Khristo;KhristoAhmed;;False
2022-06-30 23:59:58+00:00;o seu perfil foi visto por 8 pessoas nas Ãºltimas 12 horas https://t.co/bqZ9KhPZrL;Sentiment(polarity=0.0, subjectivity=0.0);0.0;Twitcom - Comunidades ;[];;Lovers Medina;LoversMedina;SÃ£o Paulo - SP;False
2022-06-30 23:59:57+00:00;atualizaÃ§Ã£o de acessos no meu perfil https://t.co/YMb9HlwHVe;Sentiment(polarity=0.0, subjectivity=0.0);0.0;Twitcom - Comunidades ;[];;Victor Souza ğŸ‡ºğŸ‡¸;01VictorSouza;Rio de Janeiro, Brasil;False
2022-06-30 23:59:57+00:00;"RT @yurucamp_anime: \ãŠ—ï¾ï¾ï½¼ï¾ï¾‚ï½ºï½³ï½¶ï½²/

å…¨å›½ã®åŠ‡å ´ã«ã¦æ˜ ç”»ã€ã‚†ã‚‹ã‚­ãƒ£ãƒ³â–³ã€ã®ä¸Šæ˜ ãŒã‚¹ã‚¿ãƒ¼ãƒˆâœ¨
â€è¦³ã‚‹ã‚¢ã‚¦ãƒˆãƒ‰ã‚¢â€ãŒã“ã“ã«ã‚ã‚Šã¾ã™ğŸ•
ã‚­ãƒ£ãƒ³ãƒ—ã§å‡ºä¼šã£ãŸ5äººãŒä»Šã ã‹ã‚‰ã§ãã‚‹ã“ã¨ã«æŒ‘ã‚€â›

â‰ªä¸Šæ˜ åŠ‡å ´ä¸€è¦§â‰«
https://t.co/S2WzirraOaâ€¦";Sentiment(polarity=0.0, subjectivity=0.0);0.0;Twitter Web App;"[{'domain': {'id': '3', 'name': 'TV Shows', 'description': 'Television shows from around the world'}, 'entity': {'id': '10052312868', 'name': 'ã‚†ã‚‹ã‚­ãƒ£ãƒ³â–³'}}, {'domain': {'id': '30', 'name': 'Entities [Entity Service]', 'description': 'Entity Service top level domain, every item that is in Entity Service should be in this domain'}, 'entity': {'id': '839159814991167489', 'name': 'Travel', 'description': 'Travel'}}, {'domain': {'id': '66', 'name': 'Interests and Hobbies Category', 'description': 'A grouping of interests and hobbies entities, like Novelty Food or Destinations'}, 'entity': {'id': '839160129752686593', 'name': 'General Travel', 'description': 'General Travel'}}, {'domain': {'id': '66', 'name': 'Interests and Hobbies Category', 'description': 'A grouping of interests and hobbies entities, like Novelty Food or Destinations'}, 'entity': {'id': '1277995430236680192', 'name': 'Outdoors'}}, {'domain': {'id': '66', 'name': 'Interests and Hobbies Category', 'description': 'A grouping of interests and hobbies entities, like Novelty Food or Destinations'}, 'entity': {'id': '1277995430236680192', 'name': 'Outdoors'}}, {'domain': {'id': '67', 'name': 'Interests and Hobbies', 'description': 'Interests, opinions, and behaviors of individuals, groups, or cultures; like Speciality Cooking or Theme Parks'}, 'entity': {'id': '849076092111536128', 'name': 'Adventure travel', 'description': 'Adventure travel'}}, {'domain': {'id': '67', 'name': 'Interests and Hobbies', 'description': 'Interests, opinions, and behaviors of individuals, groups, or cultures; like Speciality Cooking or Theme Parks'}, 'entity': {'id': '849076476272009216', 'name': 'Camping', 'description': 'Camping'}}, {'domain': {'id': '67', 'name': 'Interests and Hobbies', 'description': 'Interests, opinions, and behaviors of individuals, groups, or cultures; like Speciality Cooking or Theme Parks'}, 'entity': {'id': '1103294729079349250', 'name': 'Nature', 'description': 'Nature'}}, {'domain': {'id': '130', 'name': 'Multimedia Franchise', 'description': ""Franchises which span multiple forms of media like 'Harry Potter'""}, 'entity': {'id': '1296310920889606144', 'name': 'Laid-Back Camp'}}, {'domain': {'id': '131', 'name': 'Unified Twitter Taxonomy', 'description': 'A taxonomy view into the Semantic Core knowledge graph'}, 'entity': {'id': '839159814991167489', 'name': 'Travel', 'description': 'Travel'}}, {'domain': {'id': '131', 'name': 'Unified Twitter Taxonomy', 'description': 'A taxonomy view into the Semantic Core knowledge graph'}, 'entity': {'id': '849076092111536128', 'name': 'Adventure travel', 'description': 'Adventure travel'}}, {'domain': {'id': '131', 'name': 'Unified Twitter Taxonomy', 'description': 'A taxonomy view into the Semantic Core knowledge graph'}, 'entity': {'id': '849076476272009216', 'name': 'Camping', 'description': 'Camping'}}, {'domain': {'id': '131', 'name': 'Unified Twitter Taxonomy', 'description': 'A taxonomy view into the Semantic Core knowledge graph'}, 'entity': {'id': '1103294729079349250', 'name': 'Nature', 'description': 'Nature'}}, {'domain': {'id': '131', 'name': 'Unified Twitter Taxonomy', 'description': 'A taxonomy view into the Semantic Core knowledge graph'}, 'entity': {'id': '1277995430236680192', 'name': 'Outdoors'}}, {'domain': {'id': '131', 'name': 'Unified Twitter Taxonomy', 'description': 'A taxonomy view into the Semantic Core knowledge graph'}, 'entity': {'id': '1296310920889606144', 'name': 'Laid-Back Camp'}}]";;ã¿ãŸã‚‰ã—æœ•è«ç…Œ;QtPRNVob8jAjmsZ;Earth;False
2022-06-30 23:59:57+00:00;seu perfil foi visto por 5 pessoas nas Ãºltimas 4 horas https://t.co/cM0tqTsktB;Sentiment(polarity=0.0, subjectivity=0.0);0.0;Twitcom - Comunidades ;[];;Marcelo Augusto;Marcelojapaa;;False
2022-06-30 23:59:57+00:00;seu perfil foi visto por 7 pessoas nas Ãºltimas 5 horas https://t.co/5C5swaGxSI;Sentiment(polarity=0.0, subjectivity=0.0);0.0;Twitcom - Comunidades ;[];;Nilceia da Silva;nilceia_da;;False
2022-06-30 23:59:57+00:00;"RT @TY1001_: taeyong's birthday gcash giveaway
â€â·
        1 winner of 50 php 

â†ª like &amp; rt 
â†ª drop taeyong bday tags
â†ª follow me (optionalâ€¦";Sentiment(polarity=0.0, subjectivity=0.0);0.0;Twitter for Android;[{'domain': {'id': '10', 'name': 'Person', 'description': 'Named people in the world like Nelson Mandela'}, 'entity': {'id': '913453813847097345', 'name': 'TAEYONG', 'description': 'Taeyong (íƒœìš©) - member of NCT'}}, {'domain': {'id': '54', 'name': 'Musician', 'description': 'A musician in the world, like Adele or Bob Dylan'}, 'entity': {'id': '913453813847097345', 'name': 'TAEYONG', 'description': 'Taeyong (íƒœìš©) - member of NCT'}}, {'domain': {'id': '55', 'name': 'Music Genre', 'description': 'A category for a musical style, like Pop, Rock, or Rap'}, 'entity': {'id': '888105153038958593', 'name': 'K-pop', 'description': 'K-Pop'}}, {'domain': {'id': '131', 'name': 'Unified Twitter Taxonomy', 'description': 'A taxonomy view into the Semantic Core knowledge graph'}, 'entity': {'id': '847524658970636288', 'name': 'Music', 'description': 'Music and radio'}}, {'domain': {'id': '131', 'name': 'Unified Twitter Taxonomy', 'description': 'A taxonomy view into the Semantic Core knowledge graph'}, 'entity': {'id': '888105153038958593', 'name': 'K-pop', 'description': 'K-Pop'}}, {'domain': {'id': '131', 'name': 'Unified Twitter Taxonomy', 'description': 'A taxonomy view into the Semantic Core knowledge graph'}, 'entity': {'id': '913453813847097345', 'name': 'TAEYONG', 'description': 'Taeyong (íƒœìš©) - member of NCT'}}, {'domain': {'id': '29', 'name': 'Events [Entity Service]', 'description': 'Entity Service related Events domain'}, 'entity': {'id': '1529279654040768512', 'name': 'Happy birthday, Taeyong ğŸ‚', 'description': 'The following Tweets are part of a live conversation detected by an algorithm.'}}];;mark bby;irenebae0925;;False
2022-06-30 23:59:57+00:00;"RT @TY1001_: taeyong's birthday gcash giveaway
â€â·
        1 winner of 50 php 

â†ª like &amp; rt 
â†ª drop taeyong bday tags
â†ª follow me (optionalâ€¦";Sentiment(polarity=0.0, subjectivity=0.0);0.0;Twitter for Android;[{'domain': {'id': '10', 'name': 'Person', 'description': 'Named people in the world like Nelson Mandela'}, 'entity': {'id': '913453813847097345', 'name': 'TAEYONG', 'description': 'Taeyong (íƒœìš©) - member of NCT'}}, {'domain': {'id': '54', 'name': 'Musician', 'description': 'A musician in the world, like Adele or Bob Dylan'}, 'entity': {'id': '913453813847097345', 'name': 'TAEYONG', 'description': 'Taeyong (íƒœìš©) - member of NCT'}}, {'domain': {'id': '55', 'name': 'Music Genre', 'description': 'A category for a musical style, like Pop, Rock, or Rap'}, 'entity': {'id': '888105153038958593', 'name': 'K-pop', 'description': 'K-Pop'}}, {'domain': {'id': '131', 'name': 'Unified Twitter Taxonomy', 'description': 'A taxonomy view into the Semantic Core knowledge graph'}, 'entity': {'id': '847524658970636288', 'name': 'Music', 'description': 'Music and radio'}}, {'domain': {'id': '131', 'name': 'Unified Twitter Taxonomy', 'description': 'A taxonomy view into the Semantic Core knowledge graph'}, 'entity': {'id': '888105153038958593', 'name': 'K-pop', 'description': 'K-Pop'}}, {'domain': {'id': '131', 'name': 'Unified Twitter Taxonomy', 'description': 'A taxonomy view into the Semantic Core knowledge graph'}, 'entity': {'id': '913453813847097345', 'name': 'TAEYONG', 'description': 'Taeyong (íƒœìš©) - member of NCT'}}, {'domain': {'id': '29', 'name': 'Events [Entity Service]', 'description': 'Entity Service related Events domain'}, 'entity': {'id': '1529279654040768512', 'name': 'Happy birthday, Taeyong ğŸ‚', 'description': 'The following Tweets are part of a live conversation detected by an algorithm.'}}];;cam$;now_yunow_;02 | jae TY doie | ğŸ‘»;False
2022-06-30 23:59:57+00:00;status de visita: 7 pessoas viram esse perfil https://t.co/xNb37Hp8ch;Sentiment(polarity=0.0, subjectivity=0.0);0.0;Twitcom - Comunidades ;[];;Iuri Maia;IuriMaia;RS- Lat-29,10S - Long-51.31W;False
2022-06-30 23:59:57+00:00;"RT @manzokuyaH: ã€#ã‚·ãƒ£ãƒ‰ã‚¦ãƒãƒ¼ã‚¹ã‚¨ãƒœãƒ«ãƒ´ã€‘
ãŠå¾…ãŸã›ã„ãŸã—ã¾ã—ãŸï¼ï¼
ãƒ–ãƒ¼ã‚¹ã‚¿ãƒ¼ãƒ‘ãƒƒã‚¯ç¬¬2å¼¾ã€Œé»’éŠ€ã®ãƒãƒãƒ ãƒ¼ãƒˆã€
ç™ºå£²è¨˜å¿µè±ªè¯RTã‚­ãƒ£ãƒ³ãƒšãƒ¼ãƒ³é–‹å‚¬ï¼
è²´é‡ãªåˆç‰ˆBOXãŒï¼ï¼ï¼
è©³ç´°ã¯ç”»åƒã‚’ã”ç¢ºèªãã ã•ã„ï½‚

ã‚·ãƒ³ã‚°ãƒ«é€šè²©ã¯ã“ã¡ã‚‰ã‹ã‚‰â†“
https://t.coâ€¦";Sentiment(polarity=0.0, subjectivity=0.0);0.0;Twitter for iPhone;[];;ã‚µãƒˆ;sOwOJjp5AO79fid;;False
2022-06-30 23:59:57+00:00;"ì‚°ë‹¤ë¼ë°•, ë°”ì§€ì•¼ ì¹˜ë§ˆì•¼? ì‹¤í—˜ì ì¸ íŒ¨ì…˜ì˜ í™í•œ í‡´ê·¼ê¸¸

https://t.co/zD2hq2u4Nk

#SandaraPark #ì‚°ë‹¤ë¼ë°• #Dara #ë‹¤ë¼ https://t.co/o2h0h5Mkma";Sentiment(polarity=0.0, subjectivity=0.0);0.0;Twitter for Android;[{'domain': {'id': '10', 'name': 'Person', 'description': 'Named people in the world like Nelson Mandela'}, 'entity': {'id': '890705546550009856', 'name': 'Sandara Park', 'description': 'Sandara Park (ë°•ì‚°ë‹¤ë¼)'}}, {'domain': {'id': '54', 'name': 'Musician', 'description': 'A musician in the world, like Adele or Bob Dylan'}, 'entity': {'id': '890705546550009856', 'name': 'Sandara Park', 'description': 'Sandara Park (ë°•ì‚°ë‹¤ë¼)'}}, {'domain': {'id': '55', 'name': 'Music Genre', 'description': 'A category for a musical style, like Pop, Rock, or Rap'}, 'entity': {'id': '888105153038958593', 'name': 'K-pop', 'description': 'K-Pop'}}, {'domain': {'id': '131', 'name': 'Unified Twitter Taxonomy', 'description': 'A taxonomy view into the Semantic Core knowledge graph'}, 'entity': {'id': '847524658970636288', 'name': 'Music', 'description': 'Music and radio'}}, {'domain': {'id': '131', 'name': 'Unified Twitter Taxonomy', 'description': 'A taxonomy view into the Semantic Core knowledge graph'}, 'entity': {'id': '888105153038958593', 'name': 'K-pop', 'description': 'K-Pop'}}, {'domain': {'id': '131', 'name': 'Unified Twitter Taxonomy', 'description': 'A taxonomy view into the Semantic Core knowledge graph'}, 'entity': {'id': '890705546550009856', 'name': 'Sandara Park', 'description': 'Sandara Park (ë°•ì‚°ë‹¤ë¼)'}}];;Dara World;DaraWorld84;;False
2022-06-30 23:59:56+00:00;seu perfil foi visto por 5 pessoas nas Ãºltimas 6 horas https://t.co/emvkhCr8LR;Sentiment(polarity=0.0, subjectivity=0.0);0.0;Twitcom - Comunidades ;[];;Rodrigues Anne;_anneRMartins;Manaus, Brasilien;False
2022-06-30 23:59:56+00:00;"RT @SN__20200122: ï¼
7thã‚·ãƒ³ã‚°ãƒ«ã€Œã‚ªãƒ¬ãƒ³ã‚¸kissã€ã‚ˆã‚Š
ã€Œåƒ•ã«å¤§åˆ‡ã«ã•ã‚Œã¦ã­ã€‚ã€
Official HPã«ã¦è©¦è´é–‹å§‹ğŸµâœ¨
ï¼¼

ã€Œå›ã®å½¼æ°ã«ãªã‚ŠãŸã„ã€‚ã€
ã€Œåƒ•ã®å½¼å¥³ã«ãªã£ã¦ã‚ˆã€‚ã€ã«ç¶šãæ¥½æ›²â•
ã©ã‚“ãªçµæœ«ã«ãªã£ã¦ã„ã‚‹ã®ã‹â€¦
æ˜¯éé€šå¸¸ç›¤ã‚’æ‰‹ã«å–ã£ã¦ã”ç¢ºèªãã â€¦";Sentiment(polarity=0.0, subjectivity=0.0);0.0;Twitter for Android;[];;ã‚ã‚ğŸ–¤ ã‚Œã„ã‹ğŸ¤–;MeMe_0216_reika;ã‚ã‚æ§˜ğŸ–¤ã¯ã‚¨ãƒ­ã™ãâ™¡(///Ï‰///);False
2022-06-30 23:59:56+00:00;1 pessoa acaba de visitar seu perfil https://t.co/tKI34gO7vy;Sentiment(polarity=0.0, subjectivity=0.0);0.0;Twitcom - Comunidades ;[];;Marlon Girardi;marlonsl; Brasil;False
2022-06-30 23:59:56+00:00;The APWU (American Postal Workers Union) seeks a Data Entry Clerk, Per Capita Department to be based in Washington, DC. Details can be found at: https://t.co/jPboeAhNL0 #1u #UnionStrong @APWUnational https://t.co/F1I7Mi2Q2W;Sentiment(polarity=0.0, subjectivity=0.0);0.0;Twitter Web App;[];;Union Jobs;UnionJob;;False
2022-06-30 23:59:55+00:00;pessoas que visitaram meu perfil e grupos que sigo no Twitter https://t.co/M0xyxHzlys;Sentiment(polarity=0.0, subjectivity=0.0);0.0;Twitcom - Comunidades ;[{'domain': {'id': '30', 'name': 'Entities [Entity Service]', 'description': 'Entity Service top level domain, every item that is in Entity Service should be in this domain'}, 'entity': {'id': '781974596752842752', 'name': 'Services'}}, {'domain': {'id': '47', 'name': 'Brand', 'description': 'Brands and Companies'}, 'entity': {'id': '10045225402', 'name': 'Twitter'}}];;DEEJHAY JÃ‰EH PROD;djjehhoficial;;False
2022-06-30 23:59:55+00:00;"RT @AteezConnectz: ATINYS â€¼ï¸

Just a daily reminder here are some current voting polls to go drop votes for ATEEZ. 

The Blue Dragon Seriesâ€¦";Sentiment(polarity=0.0, subjectivity=0.16666666666666666);0.0;Twitter Web App;[{'domain': {'id': '10', 'name': 'Person', 'description': 'Named people in the world like Nelson Mandela'}, 'entity': {'id': '1085295439321001989', 'name': 'ATEEZ', 'description': 'ATEEZ (ì—ì´í‹°ì¦ˆ)'}}, {'domain': {'id': '54', 'name': 'Musician', 'description': 'A musician in the world, like Adele or Bob Dylan'}, 'entity': {'id': '1085295439321001989', 'name': 'ATEEZ', 'description': 'ATEEZ (ì—ì´í‹°ì¦ˆ)'}}, {'domain': {'id': '55', 'name': 'Music Genre', 'description': 'A category for a musical style, like Pop, Rock, or Rap'}, 'entity': {'id': '888105153038958593', 'name': 'K-pop', 'description': 'K-Pop'}}, {'domain': {'id': '131', 'name': 'Unified Twitter Taxonomy', 'description': 'A taxonomy view into the Semantic Core knowledge graph'}, 'entity': {'id': '847524658970636288', 'name': 'Music', 'description': 'Music and radio'}}, {'domain': {'id': '131', 'name': 'Unified Twitter Taxonomy', 'description': 'A taxonomy view into the Semantic Core knowledge graph'}, 'entity': {'id': '888105153038958593', 'name': 'K-pop', 'description': 'K-Pop'}}, {'domain': {'id': '131', 'name': 'Unified Twitter Taxonomy', 'description': 'A taxonomy view into the Semantic Core knowledge graph'}, 'entity': {'id': '1085295439321001989', 'name': 'ATEEZ', 'description': 'ATEEZ (ì—ì´í‹°ì¦ˆ)'}}];;HALA Alisa || Wake up world ğŸ´â€â˜ ï¸;wooniejoongie;;False
2022-06-30 23:59:55+00:00;RT @newsen_t: CIX ë°°ì§„ì˜ â€˜ì¥ë°œì˜ ë¶„ìœ„ê¸° ç¾ì³¤ë„¤â€™[í¬í† ì—”HD] https://t.co/PrVicj97Cd;Sentiment(polarity=0.0, subjectivity=0.0);0.0;Twitter for iPhone;[{'domain': {'id': '10', 'name': 'Person', 'description': 'Named people in the world like Nelson Mandela'}, 'entity': {'id': '897102960424960000', 'name': 'Bae Jinyoung', 'description': 'Bae Jinyoung (ë°°ì§„ì˜) - member of Wanna One'}}, {'domain': {'id': '10', 'name': 'Person', 'description': 'Named people in the world like Nelson Mandela'}, 'entity': {'id': '1154815855445737472', 'name': 'CIX'}}, {'domain': {'id': '54', 'name': 'Musician', 'description': 'A musician in the world, like Adele or Bob Dylan'}, 'entity': {'id': '897102960424960000', 'name': 'Bae Jinyoung', 'description': 'Bae Jinyoung (ë°°ì§„ì˜) - member of Wanna One'}}, {'domain': {'id': '54', 'name': 'Musician', 'description': 'A musician in the world, like Adele or Bob Dylan'}, 'entity': {'id': '1154815855445737472', 'name': 'CIX'}}, {'domain': {'id': '55', 'name': 'Music Genre', 'description': 'A category for a musical style, like Pop, Rock, or Rap'}, 'entity': {'id': '888105153038958593', 'name': 'K-pop', 'description': 'K-Pop'}}, {'domain': {'id': '131', 'name': 'Unified Twitter Taxonomy', 'description': 'A taxonomy view into the Semantic Core knowledge graph'}, 'entity': {'id': '847524658970636288', 'name': 'Music', 'description': 'Music and radio'}}, {'domain': {'id': '131', 'name': 'Unified Twitter Taxonomy', 'description': 'A taxonomy view into the Semantic Core knowledge graph'}, 'entity': {'id': '888105153038958593', 'name': 'K-pop', 'description': 'K-Pop'}}, {'domain': {'id': '131', 'name': 'Unified Twitter Taxonomy', 'description': 'A taxonomy view into the Semantic Core knowledge graph'}, 'entity': {'id': '897102960424960000', 'name': 'Bae Jinyoung', 'description': 'Bae Jinyoung (ë°°ì§„ì˜) - member of Wanna One'}}, {'domain': {'id': '131', 'name': 'Unified Twitter Taxonomy', 'description': 'A taxonomy view into the Semantic Core knowledge graph'}, 'entity': {'id': '1154815855445737472', 'name': 'CIX'}}];;ì´ê³µê³„;baeL_21;;False
2022-06-30 23:59:55+00:00;"RT @tactactak: ã‚¼ãƒãƒ–ãƒ¬ã‚¤ãƒ©ã‚¹ãƒˆæœ¬ã‚„æˆäººå‘ã‘æ¼«ç”»ãŒå„æ›¸åº—æ§˜ã«ã¦å§”è¨—ä¸­ã§ã™ğŸ‘ğŸ‘
ãƒ¡ãƒ­ãƒ³ãƒ–ãƒƒã‚¯ã‚¹æ§˜â¡ï¸https://t.co/lyvMui8ev4
ã¨ã‚‰ã®ã‚ãªæ§˜â¡ï¸https://t.co/Kh7aic9PxM
ãƒ–ãƒƒã‚¯ãƒ¡ã‚¤ãƒˆæ§˜â¡ï¸https://t.co/Pa3y7â€¦";Sentiment(polarity=0.0, subjectivity=0.0);0.0;Twitter for Android;[{'domain': {'id': '85', 'name': 'Book Genre', 'description': 'A genre for books, like Fiction'}, 'entity': {'id': '847521144173350912', 'name': 'Comics', 'description': 'Comics'}}, {'domain': {'id': '131', 'name': 'Unified Twitter Taxonomy', 'description': 'A taxonomy view into the Semantic Core knowledge graph'}, 'entity': {'id': '839544274442051584', 'name': 'Entertainment'}}, {'domain': {'id': '131', 'name': 'Unified Twitter Taxonomy', 'description': 'A taxonomy view into the Semantic Core knowledge graph'}, 'entity': {'id': '847521144173350912', 'name': 'Comics', 'description': 'Comics'}}];;Jay0137;Jay_0137;;False
2022-06-30 23:59:54+00:00;01:00  Temp 13.1oC Change/ hr -0.8 Max Gust Last Hour 8.9 kmh  W   Sunrise  05:11 Set  21:53 https://t.co/25dfyyWA8p;Sentiment(polarity=0.0, subjectivity=0.06666666666666667);0.0;Weather Display Tweet;[];;Waterford Weather;waterfdweather;Waterford, Ireland;False
2022-06-30 23:59:54+00:00;seu perfil foi visto por 3 pessoas nas Ãºltimas 2 horas https://t.co/wyYgQIQAyI;Sentiment(polarity=0.0, subjectivity=0.0);0.0;Twitcom - Comunidades ;[];;LuuğŸ’œ;ludmila_lujan;;False
2022-06-30 23:59:54+00:00;"RT @tanakanews_com: ä»¥ä¸‹ã®æœ‰æ–™è¨˜äº‹ã‚’ç„¡æ–™åŒ–ã—ã¾ã—ãŸã€‚
ãƒ­ã‚·ã‚¢ã‚’æ¿¡ã‚Œè¡£ã§æ•µè¦–ã—ã¦å¼·ãã™ã‚‹  https://t.co/JIusdahhdh
ãƒˆãƒ«ã‚³ã®å¥‡ç­–ãŒã‚¦ã‚¯ãƒ©ã‚¤ãƒŠå±æ©Ÿã‚’è§£æ±ºã™ã‚‹ï¼Ÿ  https://t.co/Ao1xQKeY56
è¦‡æ¨©å›½ã«æˆ»ã‚‰ãªã„ç±³å›½  htâ€¦";Sentiment(polarity=0.0, subjectivity=0.0);0.0;Twitter for iPhone;"[{'domain': {'id': '123', 'name': 'Ongoing News Story', 'description': ""Ongoing News Stories like 'Brexit'""}, 'entity': {'id': '1484601166080081920', 'name': 'Russo-Ukrainian conflict'}}]";;ã™ã‚“ã¡ã‚ƒã‚“;ChabanAKITA;;False
2022-06-30 23:59:54+00:00;"RT @animatetimes: ã€6æœˆ30æ—¥ã«å…¬é–‹ã—ãŸè¨˜äº‹ãƒ©ãƒ³ã‚­ãƒ³ã‚°ç¬¬1ä½ã€‘

TVã‚¢ãƒ‹ãƒ¡ã€ãƒ‡ãƒ‘ãƒ—ãƒªã€7/10ã®ç¬¬18è©±ã«æ–°ãƒ—ãƒªã‚­ãƒ¥ã‚¢ã€ã‚­ãƒ¥ã‚¢ãƒ•ã‚£ãƒŠãƒ¼ãƒ¬ã€‘ç™»å ´ï¼

#ãƒ‡ãƒ‘ãƒ—ãƒª
#precure
#ãƒ—ãƒªã‚­ãƒ¥ã‚¢
#èŒ…é‡æ„›è¡£

https://t.co/FfUlaXJjwk";Sentiment(polarity=0.0, subjectivity=0.0);0.0;Twitter for iPhone;"[{'domain': {'id': '10', 'name': 'Person', 'description': 'Named people in the world like Nelson Mandela'}, 'entity': {'id': '1270028504399110144', 'name': 'Ai Kayano'}}, {'domain': {'id': '56', 'name': 'Actor', 'description': 'An actor or actress in the world, like Kate Winslet or Leonardo DiCaprio'}, 'entity': {'id': '1270028504399110144', 'name': 'Ai Kayano'}}, {'domain': {'id': '65', 'name': 'Interests and Hobbies Vertical', 'description': 'Top level interests and hobbies groupings, like Food or Travel'}, 'entity': {'id': '839543165002506240', 'name': 'Anime'}}, {'domain': {'id': '130', 'name': 'Multimedia Franchise', 'description': ""Franchises which span multiple forms of media like 'Harry Potter'""}, 'entity': {'id': '1012696419361161216', 'name': 'Pretty Cure', 'description': 'Pretty Cure (ãƒ—ãƒªã‚­ãƒ¥ã‚¢)'}}, {'domain': {'id': '131', 'name': 'Unified Twitter Taxonomy', 'description': 'A taxonomy view into the Semantic Core knowledge graph'}, 'entity': {'id': '839543165002506240', 'name': 'Anime'}}, {'domain': {'id': '131', 'name': 'Unified Twitter Taxonomy', 'description': 'A taxonomy view into the Semantic Core knowledge graph'}, 'entity': {'id': '839544274442051584', 'name': 'Entertainment'}}, {'domain': {'id': '131', 'name': 'Unified Twitter Taxonomy', 'description': 'A taxonomy view into the Semantic Core knowledge graph'}, 'entity': {'id': '1012696419361161216', 'name': 'Pretty Cure', 'description': 'Pretty Cure (ãƒ—ãƒªã‚­ãƒ¥ã‚¢)'}}, {'domain': {'id': '131', 'name': 'Unified Twitter Taxonomy', 'description': 'A taxonomy view into the Semantic Core knowledge graph'}, 'entity': {'id': '1074757527995277313', 'name': 'Entertainment franchises'}}, {'domain': {'id': '131', 'name': 'Unified Twitter Taxonomy', 'description': 'A taxonomy view into the Semantic Core knowledge graph'}, 'entity': {'id': '1191379707473715201', 'name': 'Voice actors'}}, {'domain': {'id': '131', 'name': 'Unified Twitter Taxonomy', 'description': 'A taxonomy view into the Semantic Core knowledge graph'}, 'entity': {'id': '1270028504399110144', 'name': 'Ai Kayano'}}, {'domain': {'id': '131', 'name': 'Unified Twitter Taxonomy', 'description': 'A taxonomy view into the Semantic Core knowledge graph'}, 'entity': {'id': '1297951101136732160', 'name': 'Animation & comics'}}, {'domain': {'id': '131', 'name': 'Unified Twitter Taxonomy', 'description': 'A taxonomy view into the Semantic Core knowledge graph'}, 'entity': {'id': '1299365067415154689', 'name': 'Animation news'}}]";;ã‚ãŠã‚€ã—@ã‚¨ãƒ–ã‚µãƒ³å‡ºã¾ã™;aomushicorocoro;å¸ä»¤å¡”ã®éµç©´â‡”Thebeautifulworldâ‡”å‰¯éƒ½å¿ƒç·š;False
2022-06-30 23:59:54+00:00;3 pessoas visualizaram seu perfil agora https://t.co/7vEPeCy6lm;Sentiment(polarity=0.0, subjectivity=0.0);0.0;Twitcom - Comunidades ;[];;Marcela  Aguiar;Marcela_Aguiar1;Rio Preto / SP;False
2022-06-30 23:59:53+00:00;@aleejandro_al https://t.co/Fvq7WMZwgw;Sentiment(polarity=0.0, subjectivity=0.0);0.0;Twitter for iPhone;[];;â™¡;patata69_;;False
2022-06-30 23:59:53+00:00;seu perfil foi visto por 5 pessoas nas Ãºltimas 4 horas https://t.co/RHx4MeMvG5;Sentiment(polarity=0.0, subjectivity=0.0);0.0;Twitcom - Comunidades ;[];;Marcos Trindade;Hazemusiclive;Porto Alegre;False
2022-06-30 23:59:53+00:00;"@codingfess Kalo OOP gue saranin belajarnya dari Java sih, tapi sebenernye yang penting itu konsep nya dapet dulu sih.

Soalnye gue belajar JS, dan abis itu belajar paradigma OOP dari JS &amp; PHP.
Tapi prefer yang efektif sih Java ya";Sentiment(polarity=0.0, subjectivity=0.0);0.0;Twitter Web App;[{'domain': {'id': '30', 'name': 'Entities [Entity Service]', 'description': 'Entity Service top level domain, every item that is in Entity Service should be in this domain'}, 'entity': {'id': '848920371311001600', 'name': 'Technology', 'description': 'Technology and computing'}}, {'domain': {'id': '66', 'name': 'Interests and Hobbies Category', 'description': 'A grouping of interests and hobbies entities, like Novelty Food or Destinations'}, 'entity': {'id': '898659750950207489', 'name': 'JavaScript', 'description': 'JavaScript'}}];;Fathan | fmgono.dev;fmgono;Jakarta;False
2022-06-30 23:59:53+00:00;"RT @yurucamp_anime: \ãŠ—ï¾ï¾ï½¼ï¾ï¾‚ï½ºï½³ï½¶ï½²/

å…¨å›½ã®åŠ‡å ´ã«ã¦æ˜ ç”»ã€ã‚†ã‚‹ã‚­ãƒ£ãƒ³â–³ã€ã®ä¸Šæ˜ ãŒã‚¹ã‚¿ãƒ¼ãƒˆâœ¨
â€è¦³ã‚‹ã‚¢ã‚¦ãƒˆãƒ‰ã‚¢â€ãŒã“ã“ã«ã‚ã‚Šã¾ã™ğŸ•
ã‚­ãƒ£ãƒ³ãƒ—ã§å‡ºä¼šã£ãŸ5äººãŒä»Šã ã‹ã‚‰ã§ãã‚‹ã“ã¨ã«æŒ‘ã‚€â›

â‰ªä¸Šæ˜ åŠ‡å ´ä¸€è¦§â‰«
https://t.co/S2WzirraOaâ€¦";Sentiment(polarity=0.0, subjectivity=0.0);0.0;Twitter for iPhone;"[{'domain': {'id': '3', 'name': 'TV Shows', 'description': 'Television shows from around the world'}, 'entity': {'id': '10052312868', 'name': 'ã‚†ã‚‹ã‚­ãƒ£ãƒ³â–³'}}, {'domain': {'id': '30', 'name': 'Entities [Entity Service]', 'description': 'Entity Service top level domain, every item that is in Entity Service should be in this domain'}, 'entity': {'id': '839159814991167489', 'name': 'Travel', 'description': 'Travel'}}, {'domain': {'id': '66', 'name': 'Interests and Hobbies Category', 'description': 'A grouping of interests and hobbies entities, like Novelty Food or Destinations'}, 'entity': {'id': '839160129752686593', 'name': 'General Travel', 'description': 'General Travel'}}, {'domain': {'id': '66', 'name': 'Interests and Hobbies Category', 'description': 'A grouping of interests and hobbies entities, like Novelty Food or Destinations'}, 'entity': {'id': '1277995430236680192', 'name': 'Outdoors'}}, {'domain': {'id': '66', 'name': 'Interests and Hobbies Category', 'description': 'A grouping of interests and hobbies entities, like Novelty Food or Destinations'}, 'entity': {'id': '1277995430236680192', 'name': 'Outdoors'}}, {'domain': {'id': '67', 'name': 'Interests and Hobbies', 'description': 'Interests, opinions, and behaviors of individuals, groups, or cultures; like Speciality Cooking or Theme Parks'}, 'entity': {'id': '849076092111536128', 'name': 'Adventure travel', 'description': 'Adventure travel'}}, {'domain': {'id': '67', 'name': 'Interests and Hobbies', 'description': 'Interests, opinions, and behaviors of individuals, groups, or cultures; like Speciality Cooking or Theme Parks'}, 'entity': {'id': '849076476272009216', 'name': 'Camping', 'description': 'Camping'}}, {'domain': {'id': '67', 'name': 'Interests and Hobbies', 'description': 'Interests, opinions, and behaviors of individuals, groups, or cultures; like Speciality Cooking or Theme Parks'}, 'entity': {'id': '1103294729079349250', 'name': 'Nature', 'description': 'Nature'}}, {'domain': {'id': '130', 'name': 'Multimedia Franchise', 'description': ""Franchises which span multiple forms of media like 'Harry Potter'""}, 'entity': {'id': '1296310920889606144', 'name': 'Laid-Back Camp'}}, {'domain': {'id': '131', 'name': 'Unified Twitter Taxonomy', 'description': 'A taxonomy view into the Semantic Core knowledge graph'}, 'entity': {'id': '839159814991167489', 'name': 'Travel', 'description': 'Travel'}}, {'domain': {'id': '131', 'name': 'Unified Twitter Taxonomy', 'description': 'A taxonomy view into the Semantic Core knowledge graph'}, 'entity': {'id': '849076092111536128', 'name': 'Adventure travel', 'description': 'Adventure travel'}}, {'domain': {'id': '131', 'name': 'Unified Twitter Taxonomy', 'description': 'A taxonomy view into the Semantic Core knowledge graph'}, 'entity': {'id': '849076476272009216', 'name': 'Camping', 'description': 'Camping'}}, {'domain': {'id': '131', 'name': 'Unified Twitter Taxonomy', 'description': 'A taxonomy view into the Semantic Core knowledge graph'}, 'entity': {'id': '1103294729079349250', 'name': 'Nature', 'description': 'Nature'}}, {'domain': {'id': '131', 'name': 'Unified Twitter Taxonomy', 'description': 'A taxonomy view into the Semantic Core knowledge graph'}, 'entity': {'id': '1277995430236680192', 'name': 'Outdoors'}}, {'domain': {'id': '131', 'name': 'Unified Twitter Taxonomy', 'description': 'A taxonomy view into the Semantic Core knowledge graph'}, 'entity': {'id': '1296310920889606144', 'name': 'Laid-Back Camp'}}]";;ãã‚Š@ã‚‹ãã®ã‚“;akatsukiguli;æ—¥æœ¬ é™å²¡;False
2022-06-30 23:59:53+00:00;seu perfil foi visto por 7 pessoas nas Ãºltimas 5 horas https://t.co/eY8MVBoucP;Sentiment(polarity=0.0, subjectivity=0.0);0.0;Twitcom - Comunidades ;[];;@EvÃ¢nia  Azevedo;_evaniinha;Campos dos Goytacazes-RJ;False
2022-06-30 23:59:53+00:00;"RT @myTNX_ph: Our #TNX leader, Taehun, is in a voting poll on 'Who is the best leader?' and is currently leading. Please VOTE &amp; maintain hiâ€¦";Sentiment(polarity=0.5, subjectivity=0.35);0.5;Twitter for Android;[];;rÎ¹Ğ¼Ğ¼Î±*;allforkyungjun;Kyungjun heartâ™¡;False
2022-06-30 23:59:52+00:00;"Krista is playing ""Turn Back The Hands of Time"" by The Mustangs from Jetstar Records: The Soul Side on WPRB.

Tune in here: https://t.co/AwI2EyGcPB";Sentiment(polarity=0.0, subjectivity=0.0);0.0;Spinitron Playlists;[];;ğŸ“»ğŸ¤– The WPRB playlist robot ğŸ¤–ğŸ“»;WPRBot;Princeton, NJ;False
2022-06-30 23:59:52+00:00;RT @montaakinpta: â¦â¦@MJAkinElemâ© friends, TODAY is the last day to order your school supply kits for the 22-23 school year. Kits are availaâ€¦;Sentiment(polarity=0.0, subjectivity=0.06666666666666667);0.0;Twitter for Android;[];;Akin Elementary;MJAkinElem;Leander, TX;False
2022-06-30 23:59:52+00:00;RT @newsen_t: CIX ë°°ì§„ì˜ â€˜ìˆ¨ê¸¸ ìˆ˜ ì—†ëŠ” ë°°ìš° í¬ìŠ¤â€™[í¬í† ì—”HD] https://t.co/Np92Z0VgfE;Sentiment(polarity=0.0, subjectivity=0.0);0.0;Twitter for iPhone;[{'domain': {'id': '10', 'name': 'Person', 'description': 'Named people in the world like Nelson Mandela'}, 'entity': {'id': '897102960424960000', 'name': 'Bae Jinyoung', 'description': 'Bae Jinyoung (ë°°ì§„ì˜) - member of Wanna One'}}, {'domain': {'id': '10', 'name': 'Person', 'description': 'Named people in the world like Nelson Mandela'}, 'entity': {'id': '1154815855445737472', 'name': 'CIX'}}, {'domain': {'id': '54', 'name': 'Musician', 'description': 'A musician in the world, like Adele or Bob Dylan'}, 'entity': {'id': '897102960424960000', 'name': 'Bae Jinyoung', 'description': 'Bae Jinyoung (ë°°ì§„ì˜) - member of Wanna One'}}, {'domain': {'id': '54', 'name': 'Musician', 'description': 'A musician in the world, like Adele or Bob Dylan'}, 'entity': {'id': '1154815855445737472', 'name': 'CIX'}}, {'domain': {'id': '55', 'name': 'Music Genre', 'description': 'A category for a musical style, like Pop, Rock, or Rap'}, 'entity': {'id': '888105153038958593', 'name': 'K-pop', 'description': 'K-Pop'}}, {'domain': {'id': '131', 'name': 'Unified Twitter Taxonomy', 'description': 'A taxonomy view into the Semantic Core knowledge graph'}, 'entity': {'id': '847524658970636288', 'name': 'Music', 'description': 'Music and radio'}}, {'domain': {'id': '131', 'name': 'Unified Twitter Taxonomy', 'description': 'A taxonomy view into the Semantic Core knowledge graph'}, 'entity': {'id': '888105153038958593', 'name': 'K-pop', 'description': 'K-Pop'}}, {'domain': {'id': '131', 'name': 'Unified Twitter Taxonomy', 'description': 'A taxonomy view into the Semantic Core knowledge graph'}, 'entity': {'id': '897102960424960000', 'name': 'Bae Jinyoung', 'description': 'Bae Jinyoung (ë°°ì§„ì˜) - member of Wanna One'}}, {'domain': {'id': '131', 'name': 'Unified Twitter Taxonomy', 'description': 'A taxonomy view into the Semantic Core knowledge graph'}, 'entity': {'id': '1154815855445737472', 'name': 'CIX'}}];;Stylish Lady;buy1_best;New York, NY;False
2022-06-30 23:59:52+00:00;"ğŸ‘‰ $21.99 ğŸ‘ˆ
Milumia Womens 3  Bathing Suit Floral Lace Up Ruffle Swimwear Swimsuit with @buy1_best
#Milumia #Womens #3  #Bathing #Suit #Floral #Lace #Up #fashion #lifestyle 

Are you ready to be #pretty?! https://t.co/mIBcbhCDF8";Sentiment(polarity=0.25625, subjectivity=0.75);0.25625;Media uploads app;"[{'domain': {'id': '65', 'name': 'Interests and Hobbies Vertical', 'description': 'Top level interests and hobbies groupings, like Food or Travel'}, 'entity': {'id': '844603730221707264', 'name': 'Fashion', 'description': 'Fashion'}}, {'domain': {'id': '66', 'name': 'Interests and Hobbies Category', 'description': 'A grouping of interests and hobbies entities, like Novelty Food or Destinations'}, 'entity': {'id': '845326060757512192', 'name': 'Fashion Novelty', 'description': 'Fashion Novelty'}}, {'domain': {'id': '67', 'name': 'Interests and Hobbies', 'description': 'Interests, opinions, and behaviors of individuals, groups, or cultures; like Speciality Cooking or Theme Parks'}, 'entity': {'id': '845327283774640128', 'name': 'Fashion Tags', 'description': 'Fashion Blogging'}}, {'domain': {'id': '173', 'name': 'Google Product Taxonomy', 'description': 'A product taxonomy created by Google'}, 'entity': {'id': '846725037595869185', 'name': 'Swimwear', 'description': 'Swimwear'}}]";;Bill Pratt;DraglistX;Waldorf, Maryland;False
2022-06-30 23:59:52+00:00;Drag Racer Update: Bill Janke, Bill Janke, Chevrolet powered Cavalier Top Sportsman https://t.co/1MS0Qzhrmu;Sentiment(polarity=0.2, subjectivity=0.28541666666666665);0.2;DraglistX Entry Notifier;[{'domain': {'id': '45', 'name': 'Brand Vertical', 'description': 'Top level entities that describe a Brands industry'}, 'entity': {'id': '781972125171060736', 'name': 'Auto'}}, {'domain': {'id': '30', 'name': 'Entities [Entity Service]', 'description': 'Entity Service top level domain, every item that is in Entity Service should be in this domain'}, 'entity': {'id': '781972125179518977', 'name': 'Auto Manufacturer - Auto'}}, {'domain': {'id': '47', 'name': 'Brand', 'description': 'Brands and Companies'}, 'entity': {'id': '10026287956', 'name': 'Chevrolet'}}, {'domain': {'id': '131', 'name': 'Unified Twitter Taxonomy', 'description': 'A taxonomy view into the Semantic Core knowledge graph'}, 'entity': {'id': '10026287956', 'name': 'Chevrolet'}}, {'domain': {'id': '131', 'name': 'Unified Twitter Taxonomy', 'description': 'A taxonomy view into the Semantic Core knowledge graph'}, 'entity': {'id': '1196845866138533888', 'name': 'Automobile Brands'}}];;åŠå·ã€€åœŸæ²»;1031x0228;æœˆã®ã‚¢ãƒŠãƒ«ã®ä¸­;False
2022-06-30 23:59:52+00:00;"ã“ã¡ã‚‰ã®äºŒæœ¬ã¯åˆ¥ã®ã‚¢ãƒ‹ã‚ªãƒªæ²¢å±±å…¥ã£ã¦ã‚‹ã‹ã‚‰ã‚ªã‚¹ã‚¹ãƒ¡â˜ºï¸
æœˆãã‚“ã®ã¨ã‚“ã§ã‚‚ãªã„å§¿ã‚’è¦‹ã‚Œã‚‹ã‚ˆğŸ˜‰ğŸ‘â¤ï¸
ã‚ã®ã‚·ãƒ¼ãƒ³ã¯ç¢ºå®Ÿã«å¹½éœŠï¼¬ã«å¾Œã‚ã‹ã‚‰çŠ¯.ã•ã‚Œã¦ã„ã‚‹(å¹»è¦š)
https://t.co/tdezki2esK https://t.co/QUTZm3RqXm";Sentiment(polarity=0.0, subjectivity=0.0);0.0;Twitter for Android;[{'domain': {'id': '65', 'name': 'Interests and Hobbies Vertical', 'description': 'Top level interests and hobbies groupings, like Food or Travel'}, 'entity': {'id': '839543165002506240', 'name': 'Anime'}}, {'domain': {'id': '131', 'name': 'Unified Twitter Taxonomy', 'description': 'A taxonomy view into the Semantic Core knowledge graph'}, 'entity': {'id': '839543165002506240', 'name': 'Anime'}}, {'domain': {'id': '131', 'name': 'Unified Twitter Taxonomy', 'description': 'A taxonomy view into the Semantic Core knowledge graph'}, 'entity': {'id': '1297951101136732160', 'name': 'Animation & comics'}}];;evelinc.;evelinnaraujo;;False
2022-06-30 23:59:51+00:00;1 pessoa acaba de visitar seu perfil https://t.co/uLIMQrB0Ho;Sentiment(polarity=0.0, subjectivity=0.0);0.0;Twitcom - Comunidades ;[];;ã‚„ãªã;SpHmoy;æµ®ä¸Šç‡çµæ§‹æ³¢ã‚ã‚Šã¾ã™ï¼›ï¼›;False
2022-06-30 23:59:51+00:00;"RT @SN__20200122: â”â”â”â”â”â”â”â”â”â”â”â”â”â”â”â”

ã€€ã€€ã€Œåƒ•ã«å¤§åˆ‡ã«ã•ã‚Œã¦ã­ã€‚ã€
ã€€ã€€å¯’ã„ã‚ˆã­ã€‚æ¯›å¸ƒã‹ã‘ã‚ˆã†ã‹ã€‚
 
                 Ryohei Abe

â”â”â”â”â”â”â”â”â”â”â”â”â”â”â”â”

â–·https://t.co/AGZ6KWj7Kâ€¦";Sentiment(polarity=0.0, subjectivity=0.0);0.0;Twitter for Android;[];;ê·¸ëƒ¥ì €ëƒ¥2;ddolgo1010;;False
2022-06-30 23:59:51+00:00;"RT @weekly_tvguide: ã€ãƒ—ãƒ¬ã‚¼ãƒ³ãƒˆã€‘
#TVã‚¬ã‚¤ãƒ‰ 6/24å·ï¼†7/1å·(6/8ç™ºå£²)ã«ç™»å ´ğŸ™Œ
8thã‚·ãƒ³ã‚°ãƒ«ã€Œ#é¼“å‹•ã€ãŒç™ºå£²ä¸­ã® 
#æµªå·å¤§è¼” ã•ã‚“ã‚µã‚¤ãƒ³å…¥ã‚Šãƒãƒ©ã‚’ï¼‘åã«â€¼

å¿œå‹Ÿæ–¹æ³•
â‘ ã“ã®ã‚¢ã‚«ã‚¦ãƒ³ãƒˆã‚’ãƒ•ã‚©ãƒ­ãƒ¼ï¼†RTğŸ‘
â‘¡ã“ã®ãƒ„ã‚¤ãƒ¼ãƒˆã«ãƒªãƒ—âœ
7/1 18â€¦";Sentiment(polarity=0.0, subjectivity=0.0);0.0;Twitter for iPhone;[{'domain': {'id': '10', 'name': 'Person', 'description': 'Named people in the world like Nelson Mandela'}, 'entity': {'id': '1070724418635161600', 'name': 'Daisuke Namikawa', 'description': 'Japanese actor, voice actor and singer'}}, {'domain': {'id': '56', 'name': 'Actor', 'description': 'An actor or actress in the world, like Kate Winslet or Leonardo DiCaprio'}, 'entity': {'id': '1070724418635161600', 'name': 'Daisuke Namikawa', 'description': 'Japanese actor, voice actor and singer'}}, {'domain': {'id': '131', 'name': 'Unified Twitter Taxonomy', 'description': 'A taxonomy view into the Semantic Core knowledge graph'}, 'entity': {'id': '1070724418635161600', 'name': 'Daisuke Namikawa', 'description': 'Japanese actor, voice actor and singer'}}, {'domain': {'id': '131', 'name': 'Unified Twitter Taxonomy', 'description': 'A taxonomy view into the Semantic Core knowledge graph'}, 'entity': {'id': '1303714559518150656', 'name': 'Japanese actors'}}, {'domain': {'id': '131', 'name': 'Unified Twitter Taxonomy', 'description': 'A taxonomy view into the Semantic Core knowledge graph'}, 'entity': {'id': '1303715075421646849', 'name': 'Actors'}}];;E.A.Pâ™«;elrefugio95;villa luro ;False
2022-06-30 23:59:51+00:00;RT @bearsjy: ê¹€ì°¬ì‹ë‹˜ í˜ë¶ https://t.co/JXp27rX3FM https://t.co/mf1HAUKHxr;Sentiment(polarity=0.0, subjectivity=0.0);0.0;Twitter for Android;[{'domain': {'id': '30', 'name': 'Entities [Entity Service]', 'description': 'Entity Service top level domain, every item that is in Entity Service should be in this domain'}, 'entity': {'id': '781974596752842752', 'name': 'Services'}}, {'domain': {'id': '47', 'name': 'Brand', 'description': 'Brands and Companies'}, 'entity': {'id': '10029202045', 'name': 'Facebook'}}, {'domain': {'id': '131', 'name': 'Unified Twitter Taxonomy', 'description': 'A taxonomy view into the Semantic Core knowledge graph'}, 'entity': {'id': '10029202045', 'name': 'Facebook'}}, {'domain': {'id': '131', 'name': 'Unified Twitter Taxonomy', 'description': 'A taxonomy view into the Semantic Core knowledge graph'}, 'entity': {'id': '1196446161223028736', 'name': 'Social media'}}, {'domain': {'id': '165', 'name': 'Technology', 'description': 'for individual and types of technology, e.g., food technology, 3D printing'}, 'entity': {'id': '1196446161223028736', 'name': 'Social media'}}];;åº­å¤ªéƒ;niwataro666;;False
2022-06-30 23:59:51+00:00;Ãºltima atualizaÃ§Ã£o de visitantes do meu perfil https://t.co/Ng6TRiOwJL;Sentiment(polarity=0.0, subjectivity=0.0);0.0;Twitcom - Comunidades ;[];;Vinicius Carvalho;05vinii;;False
2022-06-30 23:59:51+00:00;"RT @naoyafujiwara: éŠƒè¦åˆ¶ã€ä¸­çµ¶ã€æ¸©æš–åŒ–ã€‚ç±³é€£é‚¦æœ€é«˜è£ã¯ãŒã£ã¡ã‚Šãƒˆãƒ©ãƒ³ãƒ—é™£å–¶ã§å›ºã¾ã£ãŸã€‚ãƒã‚¤ãƒ‡ãƒ³æ°‘ä¸»å…šã¯ã©ã“ã‹ã«äº¡å‘½ã™ã‚‹ã—ã‹ãªã„ã€‚

https://t.co/6Rq7ALTNCt";Sentiment(polarity=0.0, subjectivity=0.0);0.0;Twitter Web App;[{'domain': {'id': '88', 'name': 'Political Body', 'description': 'A section of a government, like The Supreme Court'}, 'entity': {'id': '858942879632207873', 'name': 'Supreme Court of Japan', 'description': 'Supreme Court of Japan'}}, {'domain': {'id': '131', 'name': 'Unified Twitter Taxonomy', 'description': 'A taxonomy view into the Semantic Core knowledge graph'}, 'entity': {'id': '847878884917886977', 'name': 'Politics', 'description': 'Politics'}}, {'domain': {'id': '131', 'name': 'Unified Twitter Taxonomy', 'description': 'A taxonomy view into the Semantic Core knowledge graph'}, 'entity': {'id': '858942879632207873', 'name': 'Supreme Court of Japan', 'description': 'Supreme Court of Japan'}}, {'domain': {'id': '131', 'name': 'Unified Twitter Taxonomy', 'description': 'A taxonomy view into the Semantic Core knowledge graph'}, 'entity': {'id': '1068583660914266113', 'name': 'Government institutions', 'description': 'Political Body'}}];;Guilherme;Guuii_0;Caxias do Sul, Brasil;False
2022-06-30 23:59:51+00:00;2 pessoas estÃ£o visualizando seu perfil https://t.co/hYKnXLthso;Sentiment(polarity=0.0, subjectivity=0.0);0.0;Twitcom - Comunidades ;[];;Marianne;faithmarianne21;;False
2022-06-30 23:59:50+00:00;o seu perfil foi visto por 4 pessoas nas Ãºltimas 3 horas https://t.co/ku9KA3cZNF;Sentiment(polarity=0.0, subjectivity=0.0);0.0;Twitcom - Comunidades ;[];;Ø¨ÙƒØ± Ø¨ÙˆÙŠØ§Ù„Ù‚Ù„Ù‰;bekir_boyalikli;;False
2022-06-30 23:59:50+00:00;"RT @BLACKPINKGLOBAL: [ BLUE DRAGON SERIES AWARDS ]

BLINKs! Take note that the voting is until July 2 (11:59 PM KST). Don't forget to castâ€¦";Sentiment(polarity=-0.375, subjectivity=0.55);-0.375;Twitter for Android;"[{'domain': {'id': '131', 'name': 'Unified Twitter Taxonomy', 'description': 'A taxonomy view into the Semantic Core knowledge graph'}, 'entity': {'id': '847524658970636288', 'name': 'Music', 'description': 'Music and radio'}}, {'domain': {'id': '131', 'name': 'Unified Twitter Taxonomy', 'description': 'A taxonomy view into the Semantic Core knowledge graph'}, 'entity': {'id': '888105153038958593', 'name': 'K-pop', 'description': 'K-Pop'}}, {'domain': {'id': '131', 'name': 'Unified Twitter Taxonomy', 'description': 'A taxonomy view into the Semantic Core knowledge graph'}, 'entity': {'id': '1086368374668484608', 'name': 'BLINK', 'description': 'BLACKPINK fan community BLINK'}}, {'domain': {'id': '139', 'name': 'Fan Community', 'description': ""A viral fan community like 'Lovatics' (fans of Demi Lovato)""}, 'entity': {'id': '1086368374668484608', 'name': 'BLINK', 'description': 'BLACKPINK fan community BLINK'}}]";;Chrys ğŸ¦…;chrysgui;;False
2022-06-30 23:59:50+00:00;"@bikameraman Sadece KayÄ±ÅŸzade HafÄ±z Osman'Ä±n Kur'an'daki ""Ayet Ber Kenar"" mu'cizesi bile Kur'an'Ä±n beÅŸer Ã¼stÃ¼ ilahi bir kitap olduÄŸuna kafidir. LÃ¼tfen inceleyin. https://t.co/GexMaYQ616
AyrÄ±ca A.HÃ¼srev AltÄ±nbaÅŸak'Ä±n ""Tevafuklu Kur'an""Ä± da aynÄ± sitede, Kur'an'Ä±n gÃ¶rÃ¼nen mucizeleri apaÃ§Ä±k...";Sentiment(polarity=0.0, subjectivity=0.0);0.0;Twitter Web App;[];;ğ—Ÿğ—˜ | BETWEEN 1&2 ğŸ”«;taehycolorss;Dino;False
2022-06-30 23:59:49+00:00;seu perfil foi visto por 3 pessoas nas Ãºltimas 2 horas https://t.co/vQd471w4Zv;Sentiment(polarity=0.0, subjectivity=0.0);0.0;Twitcom - Comunidades ;[];;All about It;Allaoutit;;False
2022-06-30 23:59:49+00:00;"RT @oncetwicebrasil: O â€œIM NAYEONâ€ estreou com 81/100 no site â€œAlbum Of The Yearâ€!

ğŸ–‡ https://t.co/TLdBcqS5hn

#IM_NAYEON @JYPETWICE https:â€¦";Sentiment(polarity=0.0625, subjectivity=1.0);0.0625;Twitter for Android;"[{'domain': {'id': '131', 'name': 'Unified Twitter Taxonomy', 'description': 'A taxonomy view into the Semantic Core knowledge graph'}, 'entity': {'id': '847524658970636288', 'name': 'Music', 'description': 'Music and radio'}}, {'domain': {'id': '131', 'name': 'Unified Twitter Taxonomy', 'description': 'A taxonomy view into the Semantic Core knowledge graph'}, 'entity': {'id': '888105153038958593', 'name': 'K-pop', 'description': 'K-Pop'}}, {'domain': {'id': '131', 'name': 'Unified Twitter Taxonomy', 'description': 'A taxonomy view into the Semantic Core knowledge graph'}, 'entity': {'id': '1087791613634473984', 'name': 'ONCE', 'description': 'TWICE fan community ONCE'}}, {'domain': {'id': '139', 'name': 'Fan Community', 'description': ""A viral fan community like 'Lovatics' (fans of Demi Lovato)""}, 'entity': {'id': '1087791613634473984', 'name': 'ONCE', 'description': 'TWICE fan community ONCE'}}, {'domain': {'id': '10', 'name': 'Person', 'description': 'Named people in the world like Nelson Mandela'}, 'entity': {'id': '894658146135793664', 'name': 'TWICE', 'description': 'TWICE (íŠ¸ì™€ì´ìŠ¤) - Nayeon (ë‚˜ì—°),\nJeongyeon (ì •ì—°),\nMomo (ëª¨ëª¨),\nSana (ì‚¬ë‚˜),\nJihyo (ì§€íš¨),\nMina (ë¯¸ë‚˜),\nDahyun (ë‹¤í˜„),\nChaeyoung (ì±„ì˜),\nTzuyu (ì¯”ìœ„)'}}, {'domain': {'id': '10', 'name': 'Person', 'description': 'Named people in the world like Nelson Mandela'}, 'entity': {'id': '912768338748567555', 'name': 'Nayeon', 'description': 'Nayeon (ë‚˜ì—°) - member of TWICE'}}, {'domain': {'id': '54', 'name': 'Musician', 'description': 'A musician in the world, like Adele or Bob Dylan'}, 'entity': {'id': '894658146135793664', 'name': 'TWICE', 'description': 'TWICE (íŠ¸ì™€ì´ìŠ¤) - Nayeon (ë‚˜ì—°),\nJeongyeon (ì •ì—°),\nMomo (ëª¨ëª¨),\nSana (ì‚¬ë‚˜),\nJihyo (ì§€íš¨),\nMina (ë¯¸ë‚˜),\nDahyun (ë‹¤í˜„),\nChaeyoung (ì±„ì˜),\nTzuyu (ì¯”ìœ„)'}}, {'domain': {'id': '54', 'name': 'Musician', 'description': 'A musician in the world, like Adele or Bob Dylan'}, 'entity': {'id': '912768338748567555', 'name': 'Nayeon', 'description': 'Nayeon (ë‚˜ì—°) - member of TWICE'}}, {'domain': {'id': '55', 'name': 'Music Genre', 'description': 'A category for a musical style, like Pop, Rock, or Rap'}, 'entity': {'id': '888105153038958593', 'name': 'K-pop', 'description': 'K-Pop'}}, {'domain': {'id': '131', 'name': 'Unified Twitter Taxonomy', 'description': 'A taxonomy view into the Semantic Core knowledge graph'}, 'entity': {'id': '847524658970636288', 'name': 'Music', 'description': 'Music and radio'}}, {'domain': {'id': '131', 'name': 'Unified Twitter Taxonomy', 'description': 'A taxonomy view into the Semantic Core knowledge graph'}, 'entity': {'id': '888105153038958593', 'name': 'K-pop', 'description': 'K-Pop'}}, {'domain': {'id': '131', 'name': 'Unified Twitter Taxonomy', 'description': 'A taxonomy view into the Semantic Core knowledge graph'}, 'entity': {'id': '894658146135793664', 'name': 'TWICE', 'description': 'TWICE (íŠ¸ì™€ì´ìŠ¤) - Nayeon (ë‚˜ì—°),\nJeongyeon (ì •ì—°),\nMomo (ëª¨ëª¨),\nSana (ì‚¬ë‚˜),\nJihyo (ì§€íš¨),\nMina (ë¯¸ë‚˜),\nDahyun (ë‹¤í˜„),\nChaeyoung (ì±„ì˜),\nTzuyu (ì¯”ìœ„)'}}, {'domain': {'id': '131', 'name': 'Unified Twitter Taxonomy', 'description': 'A taxonomy view into the Semantic Core knowledge graph'}, 'entity': {'id': '912768338748567555', 'name': 'Nayeon', 'description': 'Nayeon (ë‚˜ì—°) - member of TWICE'}}]";;èŠ±ã¾ã‚‹ğŸŒ¸;Sanas6596;;False
2022-06-30 23:59:49+00:00;"Ranbir Kapoor steals hearts as he switches on his desi charm in a black kurta at a shoot;Â PICS https://t.co/9KkwGxpEY2";Sentiment(polarity=-0.16666666666666666, subjectivity=0.43333333333333335);-0.16666666666666666;WordPress.com;[];;Karol;K_marsaro;ConcÃ³rdia ;False
2022-06-30 23:59:49+00:00;"RT @UNITED_CINEMAS: ã€ã”å¿œå‹Ÿã¯æœ¬æ—¥6/30ã¾ã§ï¼ã€‘

ï¼¼ãƒ•ã‚©ãƒ­ãƒ¼&amp;RTã‚­ãƒ£ãƒ³ãƒšãƒ¼ãƒ³å®Ÿæ–½ä¸­ï¼
âœ¨#QUOã‚«ãƒ¼ãƒ‰ 5âƒ£0âƒ£0âƒ£0âƒ£å††åˆ† âœ¨ãŒå½“ãŸã‚‹â€¼

ã”å¿œå‹Ÿã¯ç°¡å˜ï¼
â‘ @UNITED_CINEMASã‚’ãƒ•ã‚©ãƒ­ãƒ¼
â‘¡æœ¬ãƒ„ã‚¤ãƒ¼ãƒˆã‚’RT
https://t.co/cCâ€¦";Sentiment(polarity=0.0, subjectivity=0.0);0.0;Twitter for iPhone;[];;Tatiana Linardi;Taty_linardi;SÃ£o JosÃ© dos Campos, Brazil;False
2022-06-30 23:59:49+00:00;atualizaÃ§Ã£o de acessos no meu perfil https://t.co/458RcMZARy;Sentiment(polarity=0.0, subjectivity=0.0);0.0;Twitcom - Comunidades ;[];;Alisson Brito;alissonbrito9;Teresina ;False
2022-06-30 23:59:49+00:00;seu perfil foi visto por 5 pessoas nas Ãºltimas 4 horas https://t.co/6SveJHEHez;Sentiment(polarity=0.0, subjectivity=0.0);0.0;Twitcom - Comunidades ;[];;CIoJ;CIoJournalist;London;False
2022-06-30 23:59:48+00:00;seu perfil foi visto por 7 pessoas nas Ãºltimas 5 horas https://t.co/wyRmW47Cs9;Sentiment(polarity=0.0, subjectivity=0.0);0.0;Twitcom - Comunidades ;[];;David Limbaugh;david4potus2020;;False
2022-06-30 23:59:48+00:00;"Chartered Institute of Journalists' daily review of press, Media Law Tips, Style Tips, and celebration of history of photojournalism. Friday 1st July 2022. See @CIoJournalist Facebook news feed at: https://t.co/xOcRTzsR0R &amp; Linkedin at: https://t.co/PhHkghK5Gg https://t.co/sS89KYKAxl";Sentiment(polarity=0.0, subjectivity=0.0);0.0;Twitter Web App;"[{'domain': {'id': '30', 'name': 'Entities [Entity Service]', 'description': 'Entity Service top level domain, every item that is in Entity Service should be in this domain'}, 'entity': {'id': '781974596752842752', 'name': 'Services'}}, {'domain': {'id': '47', 'name': 'Brand', 'description': 'Brands and Companies'}, 'entity': {'id': '10029202045', 'name': 'Facebook'}}, {'domain': {'id': '67', 'name': 'Interests and Hobbies', 'description': 'Interests, opinions, and behaviors of individuals, groups, or cultures; like Speciality Cooking or Theme Parks'}, 'entity': {'id': '847869714860605440', 'name': 'Photography', 'description': 'Photography'}}, {'domain': {'id': '131', 'name': 'Unified Twitter Taxonomy', 'description': 'A taxonomy view into the Semantic Core knowledge graph'}, 'entity': {'id': '10029202045', 'name': 'Facebook'}}, {'domain': {'id': '131', 'name': 'Unified Twitter Taxonomy', 'description': 'A taxonomy view into the Semantic Core knowledge graph'}, 'entity': {'id': '847869714860605440', 'name': 'Photography', 'description': 'Photography'}}, {'domain': {'id': '131', 'name': 'Unified Twitter Taxonomy', 'description': 'A taxonomy view into the Semantic Core knowledge graph'}, 'entity': {'id': '1046545033657081857', 'name': 'News', 'description': 'News'}}, {'domain': {'id': '131', 'name': 'Unified Twitter Taxonomy', 'description': 'A taxonomy view into the Semantic Core knowledge graph'}, 'entity': {'id': '1074755369530880001', 'name': 'Journalists', 'description': 'Journalism'}}, {'domain': {'id': '131', 'name': 'Unified Twitter Taxonomy', 'description': 'A taxonomy view into the Semantic Core knowledge graph'}, 'entity': {'id': '1196446161223028736', 'name': 'Social media'}}, {'domain': {'id': '131', 'name': 'Unified Twitter Taxonomy', 'description': 'A taxonomy view into the Semantic Core knowledge graph'}, 'entity': {'id': '1280550787207147521', 'name': 'Arts & culture'}}, {'domain': {'id': '165', 'name': 'Technology', 'description': 'for individual and types of technology, e.g., food technology, 3D printing'}, 'entity': {'id': '1196446161223028736', 'name': 'Social media'}}, {'domain': {'id': '30', 'name': 'Entities [Entity Service]', 'description': 'Entity Service top level domain, every item that is in Entity Service should be in this domain'}, 'entity': {'id': '781974596752842752', 'name': 'Services'}}, {'domain': {'id': '47', 'name': 'Brand', 'description': 'Brands and Companies'}, 'entity': {'id': '10041116541', 'name': 'LinkedIn'}}]";;Ana;ana_laurab;;False
2022-06-30 23:59:48+00:00;"@derabll @RepAdamSchiff Voting rights passed House

https://t.co/YAQt6nVqMu

Abortion rights passed House

https://t.co/VsHEX5WZFC

Climate change protection passed House

https://t.co/ZFx1Mm70mw

@Sen_JoeManchin and @SenatorSinema don't care.

Democrats?

https://t.co/W9m5GVD85J++ https://t.co/oLXWwgpo00";Sentiment(polarity=0.0, subjectivity=0.0);0.0;Twitter Web App;[{'domain': {'id': '10', 'name': 'Person', 'description': 'Named people in the world like Nelson Mandela'}, 'entity': {'id': '963858262876549120', 'name': 'Adam Schiff', 'description': 'US Representative Adam Schiff (CA-28)'}}, {'domain': {'id': '35', 'name': 'Politician', 'description': 'Politicians in the world, like Joe Biden'}, 'entity': {'id': '963858262876549120', 'name': 'Adam Schiff', 'description': 'US Representative Adam Schiff (CA-28)'}}, {'domain': {'id': '131', 'name': 'Unified Twitter Taxonomy', 'description': 'A taxonomy view into the Semantic Core knowledge graph'}, 'entity': {'id': '847878884917886977', 'name': 'Politics', 'description': 'Politics'}}, {'domain': {'id': '131', 'name': 'Unified Twitter Taxonomy', 'description': 'A taxonomy view into the Semantic Core knowledge graph'}, 'entity': {'id': '900740740468191232', 'name': 'Political issues', 'description': 'Political issues'}}, {'domain': {'id': '131', 'name': 'Unified Twitter Taxonomy', 'description': 'A taxonomy view into the Semantic Core knowledge graph'}, 'entity': {'id': '963858262876549120', 'name': 'Adam Schiff', 'description': 'US Representative Adam Schiff (CA-28)'}}, {'domain': {'id': '131', 'name': 'Unified Twitter Taxonomy', 'description': 'A taxonomy view into the Semantic Core knowledge graph'}, 'entity': {'id': '1070032753834438656', 'name': 'Political figures', 'description': 'Politician'}}, {'domain': {'id': '131', 'name': 'Unified Twitter Taxonomy', 'description': 'A taxonomy view into the Semantic Core knowledge graph'}, 'entity': {'id': '1265415402915393537', 'name': 'Climate change'}}, {'domain': {'id': '131', 'name': 'Unified Twitter Taxonomy', 'description': 'A taxonomy view into the Semantic Core knowledge graph'}, 'entity': {'id': '1521295104438284288', 'name': 'Reproductive Rights in the United States'}}, {'domain': {'id': '10', 'name': 'Person', 'description': 'Named people in the world like Nelson Mandela'}, 'entity': {'id': '888190307216506881', 'name': 'Joe Manchin', 'description': 'US Senator Joe Manchin (WV)'}}, {'domain': {'id': '35', 'name': 'Politician', 'description': 'Politicians in the world, like Joe Biden'}, 'entity': {'id': '888190307216506881', 'name': 'Joe Manchin', 'description': 'US Senator Joe Manchin (WV)'}}, {'domain': {'id': '131', 'name': 'Unified Twitter Taxonomy', 'description': 'A taxonomy view into the Semantic Core knowledge graph'}, 'entity': {'id': '847878884917886977', 'name': 'Politics', 'description': 'Politics'}}, {'domain': {'id': '131', 'name': 'Unified Twitter Taxonomy', 'description': 'A taxonomy view into the Semantic Core knowledge graph'}, 'entity': {'id': '888190307216506881', 'name': 'Joe Manchin', 'description': 'US Senator Joe Manchin (WV)'}}, {'domain': {'id': '131', 'name': 'Unified Twitter Taxonomy', 'description': 'A taxonomy view into the Semantic Core knowledge graph'}, 'entity': {'id': '900740740468191232', 'name': 'Political issues', 'description': 'Political issues'}}, {'domain': {'id': '131', 'name': 'Unified Twitter Taxonomy', 'description': 'A taxonomy view into the Semantic Core knowledge graph'}, 'entity': {'id': '1070032753834438656', 'name': 'Political figures', 'description': 'Politician'}}];;NatÃ¡lia N. Rodrigues;natiiinavarro;ParanavaÃ­ Pr;False
2022-06-30 23:59:48+00:00;seu perfil foi visto por 6 pessoas nas Ãºltimas 2 horas https://t.co/bQIEfwGvH2;Sentiment(polarity=0.0, subjectivity=0.0);0.0;Twitcom - Comunidades ;[];;Lynn Wendel;wlynnwendel;;False
2022-06-30 23:59:48+00:00;status: 9 pessoas visualizaram seu perfil https://t.co/CKWtaxaF7E;Sentiment(polarity=0.0, subjectivity=0.0);0.0;Twitcom - Comunidades ;[];;Phanie;phanie_cat;;False
2022-06-30 23:59:48+00:00;"RT @PH_NikkiWolfe: Hello my little Devils!!!
Full video here:
https://t.co/2mDb6kwYbV

#BABELICIOUS #Babehot #hot #legs #Feet #highheels #lâ€¦";Sentiment(polarity=0.0779296875, subjectivity=0.6333333333333334);0.0779296875;Twitter for iPad;[];;aporito_official;AporitoOfficial;;False
2022-06-30 23:59:47+00:00;pessoas que visitaram meu perfil e grupos que sigo no Twitter https://t.co/2U9215Gm6m;Sentiment(polarity=0.0, subjectivity=0.0);0.0;Twitcom - Comunidades ;[{'domain': {'id': '30', 'name': 'Entities [Entity Service]', 'description': 'Entity Service top level domain, every item that is in Entity Service should be in this domain'}, 'entity': {'id': '781974596752842752', 'name': 'Services'}}, {'domain': {'id': '47', 'name': 'Brand', 'description': 'Brands and Companies'}, 'entity': {'id': '10045225402', 'name': 'Twitter'}}];;lele in the box | BETWEEN 1&2 | Forever Only;rkivcyphr;ğŸ­ğŸ¦ğŸ¯ğŸ© : i love you forever taehyung. boy every photo you post is a shot in my big heart in love and i love that feeling.;False
2022-06-30 23:59:47+00:00;"RT @tanakanews_com: ä»¥ä¸‹ã®æœ‰æ–™è¨˜äº‹ã‚’ç„¡æ–™åŒ–ã—ã¾ã—ãŸã€‚
å¤šæ¥µåŒ–ãŒé€²ã‚€ã‚¢ãƒ•ã‚¬ãƒ³å’Œå¹³  https://t.co/jAGWbERiMl
ã‚¤ãƒ©ãƒ³ã¨ã‚µã‚¦ã‚¸ãŒå’Œè§£ã€‚ã‚¤ã‚¹ãƒ©ã‚¨ãƒ«ã¯ï¼Ÿ  https://t.co/rF2vpoHCgy
çµ‚ã‚ã‚Šã‚†ãç±³å›½ã®æˆ¦äº‰ä½“åˆ¶  https:â€¦";Sentiment(polarity=0.0, subjectivity=0.0);0.0;Twitter for iPhone;[{'domain': {'id': '131', 'name': 'Unified Twitter Taxonomy', 'description': 'A taxonomy view into the Semantic Core knowledge graph'}, 'entity': {'id': '1427352573401452555', 'name': 'Crisis in Afghanistan'}}];;_ Ïƒ Ğ¼Ñ”Ğ¸iĞ¸Ïƒ SĞ½Ïƒw;Brankinho_Show;Brasil;False
2022-06-30 23:59:47+00:00;"RT @yurucamp_anime: \ãŠ—ï¾ï¾ï½¼ï¾ï¾‚ï½ºï½³ï½¶ï½²/

å…¨å›½ã®åŠ‡å ´ã«ã¦æ˜ ç”»ã€ã‚†ã‚‹ã‚­ãƒ£ãƒ³â–³ã€ã®ä¸Šæ˜ ãŒã‚¹ã‚¿ãƒ¼ãƒˆâœ¨
â€è¦³ã‚‹ã‚¢ã‚¦ãƒˆãƒ‰ã‚¢â€ãŒã“ã“ã«ã‚ã‚Šã¾ã™ğŸ•
ã‚­ãƒ£ãƒ³ãƒ—ã§å‡ºä¼šã£ãŸ5äººãŒä»Šã ã‹ã‚‰ã§ãã‚‹ã“ã¨ã«æŒ‘ã‚€â›

â‰ªä¸Šæ˜ åŠ‡å ´ä¸€è¦§â‰«
https://t.co/S2WzirraOaâ€¦";Sentiment(polarity=0.0, subjectivity=0.0);0.0;Twitter Web App;"[{'domain': {'id': '3', 'name': 'TV Shows', 'description': 'Television shows from around the world'}, 'entity': {'id': '10052312868', 'name': 'ã‚†ã‚‹ã‚­ãƒ£ãƒ³â–³'}}, {'domain': {'id': '30', 'name': 'Entities [Entity Service]', 'description': 'Entity Service top level domain, every item that is in Entity Service should be in this domain'}, 'entity': {'id': '839159814991167489', 'name': 'Travel', 'description': 'Travel'}}, {'domain': {'id': '66', 'name': 'Interests and Hobbies Category', 'description': 'A grouping of interests and hobbies entities, like Novelty Food or Destinations'}, 'entity': {'id': '839160129752686593', 'name': 'General Travel', 'description': 'General Travel'}}, {'domain': {'id': '66', 'name': 'Interests and Hobbies Category', 'description': 'A grouping of interests and hobbies entities, like Novelty Food or Destinations'}, 'entity': {'id': '1277995430236680192', 'name': 'Outdoors'}}, {'domain': {'id': '66', 'name': 'Interests and Hobbies Category', 'description': 'A grouping of interests and hobbies entities, like Novelty Food or Destinations'}, 'entity': {'id': '1277995430236680192', 'name': 'Outdoors'}}, {'domain': {'id': '67', 'name': 'Interests and Hobbies', 'description': 'Interests, opinions, and behaviors of individuals, groups, or cultures; like Speciality Cooking or Theme Parks'}, 'entity': {'id': '849076092111536128', 'name': 'Adventure travel', 'description': 'Adventure travel'}}, {'domain': {'id': '67', 'name': 'Interests and Hobbies', 'description': 'Interests, opinions, and behaviors of individuals, groups, or cultures; like Speciality Cooking or Theme Parks'}, 'entity': {'id': '849076476272009216', 'name': 'Camping', 'description': 'Camping'}}, {'domain': {'id': '67', 'name': 'Interests and Hobbies', 'description': 'Interests, opinions, and behaviors of individuals, groups, or cultures; like Speciality Cooking or Theme Parks'}, 'entity': {'id': '1103294729079349250', 'name': 'Nature', 'description': 'Nature'}}, {'domain': {'id': '130', 'name': 'Multimedia Franchise', 'description': ""Franchises which span multiple forms of media like 'Harry Potter'""}, 'entity': {'id': '1296310920889606144', 'name': 'Laid-Back Camp'}}, {'domain': {'id': '131', 'name': 'Unified Twitter Taxonomy', 'description': 'A taxonomy view into the Semantic Core knowledge graph'}, 'entity': {'id': '839159814991167489', 'name': 'Travel', 'description': 'Travel'}}, {'domain': {'id': '131', 'name': 'Unified Twitter Taxonomy', 'description': 'A taxonomy view into the Semantic Core knowledge graph'}, 'entity': {'id': '849076092111536128', 'name': 'Adventure travel', 'description': 'Adventure travel'}}, {'domain': {'id': '131', 'name': 'Unified Twitter Taxonomy', 'description': 'A taxonomy view into the Semantic Core knowledge graph'}, 'entity': {'id': '849076476272009216', 'name': 'Camping', 'description': 'Camping'}}, {'domain': {'id': '131', 'name': 'Unified Twitter Taxonomy', 'description': 'A taxonomy view into the Semantic Core knowledge graph'}, 'entity': {'id': '1103294729079349250', 'name': 'Nature', 'description': 'Nature'}}, {'domain': {'id': '131', 'name': 'Unified Twitter Taxonomy', 'description': 'A taxonomy view into the Semantic Core knowledge graph'}, 'entity': {'id': '1277995430236680192', 'name': 'Outdoors'}}, {'domain': {'id': '131', 'name': 'Unified Twitter Taxonomy', 'description': 'A taxonomy view into the Semantic Core knowledge graph'}, 'entity': {'id': '1296310920889606144', 'name': 'Laid-Back Camp'}}]";;Estrelabeachwear ğŸŒ´;Estrelabeachwea;Natal/RN;False
2022-06-30 23:59:47+00:00;"RT @oncetwicebrasil: O â€œIM NAYEONâ€ estreou com 81/100 no site â€œAlbum Of The Yearâ€!

ğŸ–‡ https://t.co/TLdBcqS5hn

#IM_NAYEON @JYPETWICE https:â€¦";Sentiment(polarity=0.0625, subjectivity=1.0);0.0625;Twitter for Android;"[{'domain': {'id': '131', 'name': 'Unified Twitter Taxonomy', 'description': 'A taxonomy view into the Semantic Core knowledge graph'}, 'entity': {'id': '847524658970636288', 'name': 'Music', 'description': 'Music and radio'}}, {'domain': {'id': '131', 'name': 'Unified Twitter Taxonomy', 'description': 'A taxonomy view into the Semantic Core knowledge graph'}, 'entity': {'id': '888105153038958593', 'name': 'K-pop', 'description': 'K-Pop'}}, {'domain': {'id': '131', 'name': 'Unified Twitter Taxonomy', 'description': 'A taxonomy view into the Semantic Core knowledge graph'}, 'entity': {'id': '1087791613634473984', 'name': 'ONCE', 'description': 'TWICE fan community ONCE'}}, {'domain': {'id': '139', 'name': 'Fan Community', 'description': ""A viral fan community like 'Lovatics' (fans of Demi Lovato)""}, 'entity': {'id': '1087791613634473984', 'name': 'ONCE', 'description': 'TWICE fan community ONCE'}}, {'domain': {'id': '10', 'name': 'Person', 'description': 'Named people in the world like Nelson Mandela'}, 'entity': {'id': '894658146135793664', 'name': 'TWICE', 'description': 'TWICE (íŠ¸ì™€ì´ìŠ¤) - Nayeon (ë‚˜ì—°),\nJeongyeon (ì •ì—°),\nMomo (ëª¨ëª¨),\nSana (ì‚¬ë‚˜),\nJihyo (ì§€íš¨),\nMina (ë¯¸ë‚˜),\nDahyun (ë‹¤í˜„),\nChaeyoung (ì±„ì˜),\nTzuyu (ì¯”ìœ„)'}}, {'domain': {'id': '10', 'name': 'Person', 'description': 'Named people in the world like Nelson Mandela'}, 'entity': {'id': '912768338748567555', 'name': 'Nayeon', 'description': 'Nayeon (ë‚˜ì—°) - member of TWICE'}}, {'domain': {'id': '54', 'name': 'Musician', 'description': 'A musician in the world, like Adele or Bob Dylan'}, 'entity': {'id': '894658146135793664', 'name': 'TWICE', 'description': 'TWICE (íŠ¸ì™€ì´ìŠ¤) - Nayeon (ë‚˜ì—°),\nJeongyeon (ì •ì—°),\nMomo (ëª¨ëª¨),\nSana (ì‚¬ë‚˜),\nJihyo (ì§€íš¨),\nMina (ë¯¸ë‚˜),\nDahyun (ë‹¤í˜„),\nChaeyoung (ì±„ì˜),\nTzuyu (ì¯”ìœ„)'}}, {'domain': {'id': '54', 'name': 'Musician', 'description': 'A musician in the world, like Adele or Bob Dylan'}, 'entity': {'id': '912768338748567555', 'name': 'Nayeon', 'description': 'Nayeon (ë‚˜ì—°) - member of TWICE'}}, {'domain': {'id': '55', 'name': 'Music Genre', 'description': 'A category for a musical style, like Pop, Rock, or Rap'}, 'entity': {'id': '888105153038958593', 'name': 'K-pop', 'description': 'K-Pop'}}, {'domain': {'id': '131', 'name': 'Unified Twitter Taxonomy', 'description': 'A taxonomy view into the Semantic Core knowledge graph'}, 'entity': {'id': '847524658970636288', 'name': 'Music', 'description': 'Music and radio'}}, {'domain': {'id': '131', 'name': 'Unified Twitter Taxonomy', 'description': 'A taxonomy view into the Semantic Core knowledge graph'}, 'entity': {'id': '888105153038958593', 'name': 'K-pop', 'description': 'K-Pop'}}, {'domain': {'id': '131', 'name': 'Unified Twitter Taxonomy', 'description': 'A taxonomy view into the Semantic Core knowledge graph'}, 'entity': {'id': '894658146135793664', 'name': 'TWICE', 'description': 'TWICE (íŠ¸ì™€ì´ìŠ¤) - Nayeon (ë‚˜ì—°),\nJeongyeon (ì •ì—°),\nMomo (ëª¨ëª¨),\nSana (ì‚¬ë‚˜),\nJihyo (ì§€íš¨),\nMina (ë¯¸ë‚˜),\nDahyun (ë‹¤í˜„),\nChaeyoung (ì±„ì˜),\nTzuyu (ì¯”ìœ„)'}}, {'domain': {'id': '131', 'name': 'Unified Twitter Taxonomy', 'description': 'A taxonomy view into the Semantic Core knowledge graph'}, 'entity': {'id': '912768338748567555', 'name': 'Nayeon', 'description': 'Nayeon (ë‚˜ì—°) - member of TWICE'}}]";;MIKE;MIKE131720;Puerto Limon, Costa Rica.;False
2022-06-30 23:59:47+00:00;essas pessoas acabaram de visualizar seu perfil https://t.co/i3cj14jJ0s;Sentiment(polarity=0.0, subjectivity=0.0);0.0;Twitcom - Comunidades ;[];;Jeenny Rodrigues;JennySouza07;;False
2022-06-30 23:59:46+00:00;2 pessoas estÃ£o visualizando seu perfil https://t.co/Ctpb5VUycr;Sentiment(polarity=0.0, subjectivity=0.0);0.0;Twitcom - Comunidades ;[];;Samuca;samuca_1211;;False
2022-06-30 23:59:46+00:00;RT @Noticiass24hrs: Marineros aseguran que sus barcos fueron asechados por OVNIS. https://t.co/8WPSsENbHR;Sentiment(polarity=0.0, subjectivity=0.0);0.0;Twitter for Android;[];;Luis;Luis_Lavattiata;Argentina.entre rios parana;False
2022-06-30 23:59:46+00:00;status de visita: perfil visualizado 6 vezes https://t.co/SScsZzuoBT;Sentiment(polarity=0.0, subjectivity=0.0);0.0;Twitcom - Comunidades ;[];;ã‚¢ã‚­ãƒ©ã‚“2ä¸–;xT7x0M0avATxduA;æ„›çŸ¥ ç¨²æ²¢å¸‚;False
2022-06-30 23:59:46+00:00;o seu perfil foi visto por 4 pessoas nas Ãºltimas 3 horas https://t.co/7lXOJV48gg;Sentiment(polarity=0.0, subjectivity=0.0);0.0;Twitcom - Comunidades ;[];;taa;itsnewji;waiting since 2019 ;False
2022-06-30 23:59:45+00:00;seu perfil foi visto por 3 pessoas nas Ãºltimas 2 horas https://t.co/gcQMYZMytK;Sentiment(polarity=0.0, subjectivity=0.0);0.0;Twitcom - Comunidades ;[];;ï¼—åˆ†ã§ï¼‘ï¼ä¸‡å††ï¼ï¼Ÿæ¥½ã—ã‚€æ‡¸è³ç”Ÿæ´»;Game_de_money;;False
2022-06-30 23:59:45+00:00;"RT @yurucamp_anime: \ãŠ—ï¾ï¾ï½¼ï¾ï¾‚ï½ºï½³ï½¶ï½²/

å…¨å›½ã®åŠ‡å ´ã«ã¦æ˜ ç”»ã€ã‚†ã‚‹ã‚­ãƒ£ãƒ³â–³ã€ã®ä¸Šæ˜ ãŒã‚¹ã‚¿ãƒ¼ãƒˆâœ¨
â€è¦³ã‚‹ã‚¢ã‚¦ãƒˆãƒ‰ã‚¢â€ãŒã“ã“ã«ã‚ã‚Šã¾ã™ğŸ•
ã‚­ãƒ£ãƒ³ãƒ—ã§å‡ºä¼šã£ãŸ5äººãŒä»Šã ã‹ã‚‰ã§ãã‚‹ã“ã¨ã«æŒ‘ã‚€â›

â‰ªä¸Šæ˜ åŠ‡å ´ä¸€è¦§â‰«
https://t.co/S2WzirraOaâ€¦";Sentiment(polarity=0.0, subjectivity=0.0);0.0;Twitter for iPhone;"[{'domain': {'id': '3', 'name': 'TV Shows', 'description': 'Television shows from around the world'}, 'entity': {'id': '10052312868', 'name': 'ã‚†ã‚‹ã‚­ãƒ£ãƒ³â–³'}}, {'domain': {'id': '30', 'name': 'Entities [Entity Service]', 'description': 'Entity Service top level domain, every item that is in Entity Service should be in this domain'}, 'entity': {'id': '839159814991167489', 'name': 'Travel', 'description': 'Travel'}}, {'domain': {'id': '66', 'name': 'Interests and Hobbies Category', 'description': 'A grouping of interests and hobbies entities, like Novelty Food or Destinations'}, 'entity': {'id': '839160129752686593', 'name': 'General Travel', 'description': 'General Travel'}}, {'domain': {'id': '66', 'name': 'Interests and Hobbies Category', 'description': 'A grouping of interests and hobbies entities, like Novelty Food or Destinations'}, 'entity': {'id': '1277995430236680192', 'name': 'Outdoors'}}, {'domain': {'id': '66', 'name': 'Interests and Hobbies Category', 'description': 'A grouping of interests and hobbies entities, like Novelty Food or Destinations'}, 'entity': {'id': '1277995430236680192', 'name': 'Outdoors'}}, {'domain': {'id': '67', 'name': 'Interests and Hobbies', 'description': 'Interests, opinions, and behaviors of individuals, groups, or cultures; like Speciality Cooking or Theme Parks'}, 'entity': {'id': '849076092111536128', 'name': 'Adventure travel', 'description': 'Adventure travel'}}, {'domain': {'id': '67', 'name': 'Interests and Hobbies', 'description': 'Interests, opinions, and behaviors of individuals, groups, or cultures; like Speciality Cooking or Theme Parks'}, 'entity': {'id': '849076476272009216', 'name': 'Camping', 'description': 'Camping'}}, {'domain': {'id': '67', 'name': 'Interests and Hobbies', 'description': 'Interests, opinions, and behaviors of individuals, groups, or cultures; like Speciality Cooking or Theme Parks'}, 'entity': {'id': '1103294729079349250', 'name': 'Nature', 'description': 'Nature'}}, {'domain': {'id': '130', 'name': 'Multimedia Franchise', 'description': ""Franchises which span multiple forms of media like 'Harry Potter'""}, 'entity': {'id': '1296310920889606144', 'name': 'Laid-Back Camp'}}, {'domain': {'id': '131', 'name': 'Unified Twitter Taxonomy', 'description': 'A taxonomy view into the Semantic Core knowledge graph'}, 'entity': {'id': '839159814991167489', 'name': 'Travel', 'description': 'Travel'}}, {'domain': {'id': '131', 'name': 'Unified Twitter Taxonomy', 'description': 'A taxonomy view into the Semantic Core knowledge graph'}, 'entity': {'id': '849076092111536128', 'name': 'Adventure travel', 'description': 'Adventure travel'}}, {'domain': {'id': '131', 'name': 'Unified Twitter Taxonomy', 'description': 'A taxonomy view into the Semantic Core knowledge graph'}, 'entity': {'id': '849076476272009216', 'name': 'Camping', 'description': 'Camping'}}, {'domain': {'id': '131', 'name': 'Unified Twitter Taxonomy', 'description': 'A taxonomy view into the Semantic Core knowledge graph'}, 'entity': {'id': '1103294729079349250', 'name': 'Nature', 'description': 'Nature'}}, {'domain': {'id': '131', 'name': 'Unified Twitter Taxonomy', 'description': 'A taxonomy view into the Semantic Core knowledge graph'}, 'entity': {'id': '1277995430236680192', 'name': 'Outdoors'}}, {'domain': {'id': '131', 'name': 'Unified Twitter Taxonomy', 'description': 'A taxonomy view into the Semantic Core knowledge graph'}, 'entity': {'id': '1296310920889606144', 'name': 'Laid-Back Camp'}}]";;Flora Andrade â­ï¸â­ï¸â­ï¸â­ï¸â­ï¸â­ï¸â­ï¸â­ï¸â­ï¸â­ï¸â­ï¸;FloraAndrad;Rio de Janeiro;False
2022-06-30 23:59:45+00:00;RT @newsen_t: ë¯¼í¬ì§„ ê±¸ê·¸ë£¹ ë°ë·” ì¹´ìš´íŠ¸ë‹¤ìš´, 22ì¼ ì²« ì½˜í…ì¸  ê³µê°œ[ê³µì‹] https://t.co/OoJdoUgvy4;Sentiment(polarity=0.0, subjectivity=0.0);0.0;Twitter for Android;[];;Denise Luana;apenasuma22k;JaraguÃ¡ do Sul / SC;False
2022-06-30 23:59:45+00:00;ãƒ„ã‚¤ãƒƒã‚¿ãƒ¼ã§ãŠé‡‘ã‚’ã‚‚ã‚‰ã£ã¦æ¥½ã—ã¿ãªãŒã‚‰ãƒ•ã‚©ãƒ­ãƒ¯ãƒ¼ã‚’çˆ†ç™ºçš„ã«å¢—ã‚„ã™æ–¹æ³•ï¼ï¼ https://t.co/T1qOkAh3FW;Sentiment(polarity=0.0, subjectivity=0.0);0.0;twittbot.net;[{'domain': {'id': '30', 'name': 'Entities [Entity Service]', 'description': 'Entity Service top level domain, every item that is in Entity Service should be in this domain'}, 'entity': {'id': '781974596752842752', 'name': 'Services'}}, {'domain': {'id': '47', 'name': 'Brand', 'description': 'Brands and Companies'}, 'entity': {'id': '10045225402', 'name': 'Twitter'}}];;ğ—”ğ—¬ğ— ğ—”ğ—¡ğŸ‡¦ğŸ‡¹;RalFC_10;;False
2022-06-30 23:59:45+00:00;atualizaÃ§Ã£o de acessos no meu perfil https://t.co/RizaFNKjT3;Sentiment(polarity=0.0, subjectivity=0.0);0.0;Twitcom - Comunidades ;[];;Mayah;1loirinhawn;;False
2022-06-30 23:59:45+00:00;seu perfil foi visto por 5 pessoas nas Ãºltimas 4 horas https://t.co/LCLajfrZ9E;Sentiment(polarity=0.0, subjectivity=0.0);0.0;Twitcom - Comunidades ;[];;{à¸£CCÏ}IgÏƒÑ;igor1_j;;False
2022-06-30 23:59:44+00:00;@nadaali48531 https://t.co/DyVgn43Ye9;Sentiment(polarity=0.0, subjectivity=0.0);0.0;Twitter for Android;[];;ä¸€èˆ¬ç¤¾å›£æ³•äººæ—¥æœ¬ç”Ÿç‰©ç‰©ç†å­¦ä¼š the Biophysical Society of Japan;bpsjp;;False
2022-06-30 23:59:44+00:00;perfil visualizado por 8 pessoas https://t.co/Ggb8PkJMun;Sentiment(polarity=0.0, subjectivity=0.0);0.0;Twitcom - Comunidades ;[];;Roberta Pfaff;rohpfaff;;False
2022-06-30 23:59:43+00:00;Ãºltima atualizaÃ§Ã£o de visitantes do meu perfil https://t.co/SuWTGZs4X1;Sentiment(polarity=0.0, subjectivity=0.0);0.0;Twitcom - Comunidades ;[];;Darwin Feliz Matos;darwinfelizM;Santo Domingo Este;False
2022-06-30 23:59:43+00:00;ã€å­¦ä¼šãƒ‹ãƒ¥ãƒ¼ã‚¹æ›´æ–°ã€‘é«˜åˆ†å­å­¦ä¼šãƒã‚¤ã‚ªãƒ»é«˜åˆ†å­ç ”ç©¶ä¼š   ç¬¬32å›ãƒã‚¤ã‚ªãƒ»é«˜åˆ†å­ã‚·ãƒ³ãƒã‚¸ã‚¦ãƒ  ã«ã¤ã„ã¦æ²è¼‰ã—ã¾ã—ãŸã€‚https://t.co/tQsKhk9m8E;Sentiment(polarity=0.0, subjectivity=0.0);0.0;Twitter Web App;[{'domain': {'id': '131', 'name': 'Unified Twitter Taxonomy', 'description': 'A taxonomy view into the Semantic Core knowledge graph'}, 'entity': {'id': '1046545033657081857', 'name': 'News', 'description': 'News'}}];;morena bela;morenabela6;bahia;False
2022-06-30 23:59:43+00:00;essas pessoas acabaram de visualizar seu perfil https://t.co/P74xGHVLik;Sentiment(polarity=0.0, subjectivity=0.0);0.0;Twitcom - Comunidades ;[];;leo marins;lleomarins;;False
2022-06-30 23:59:42+00:00;MonseÃ±or Ozoria llama al Cusep a cultivar espÃ­ritu de fe e integralidad de laÂ vida https://t.co/6AtCN2SXUX;Sentiment(polarity=0.0, subjectivity=0.0);0.0;WordPress.com;[];;Suco de AbÃ³bora;MionePotter1;Hogwarts.;False
2022-06-30 23:59:42+00:00;2 pessoas estÃ£o visualizando seu perfil https://t.co/Co8uuu7sZH;Sentiment(polarity=0.0, subjectivity=0.0);0.0;Twitcom - Comunidades ;[];;Alex Pardo;colombo_cofee;Maryland, USA;False
